Stimulus,AttrLevel,Gaze2,FaceGender
f,NA,NULL,NULL
f001c.jpg,2,C,F
f001l.jpg,2,A,F
f003c.jpg,2,C,F
f003l.jpg,2,A,F
f003l.jpg,3,C,F
f005c.jpg,1,C,F
f005r.jpg,1,A,F
f006c.jpg,2,C,F
f006l.jpg,2,A,F
f011c.jpg,3,C,F
f011l.jpg,3,A,F
f012c.jpg,2,C,F
f012r.jpg,2,A,F
f013c.jpg,2,C,F
f013r.jpg,2,A,F
f016c.jpg,2,C,F
f016r.jpg,2,A,F
f021c.jpg,2,C,F
f021l.jpg,2,A,F
f022c.jpg,1,C,F
f022r.jpg,1,A,F
f023c.jpg,3,C,F
f023l.jpg,3,A,F
f023l.jpg,2,C,F
f027c.jpg,3,C,F
f027l.jpg,3,A,F
f028c.jpg,2,C,F
f028l.jpg,2,A,F
f029c.jpg,2,C,F
f029r.jpg,2,A,F
f030c.jpg,3,C,F
f030l.jpg,3,A,F
f033c.jpg,1,C,F
f033r.jpg,1,A,F
f035c.jpg,2,C,F
f035r.jpg,2,A,F
f036c.jpg,3,C,F
f036r.jpg,3,A,F
f040c.jpg,1,C,F
f040l.jpg,1,A,F
f042c.jpg,1,C,F
f042r.jpg,1,A,F
f047c.jpg,2,C,F
f047l.jpg,2,A,F
f048c.jpg,1,C,F
f048l.jpg,1,A,F
f049c.jpg,2,C,F
f049r.jpg,2,A,F
f051c.jpg,1,C,F
f051c.jpg,3,C,F
f051l.jpg,1,A,F
f052c.jpg,3,C,F
f052l.jpg,3,A,F
f053c.jpg,1,C,F
f053r.jpg,1,A,F
f056c.jpg,2,C,F
f056l.jpg,2,A,F
f057c.jpg,2,C,F
f057r.jpg,2,A,F
f063c.jpg,2,C,F
f063r.jpg,2,A,F
f065c.jpg,1,C,F
f065r.jpg,1,A,F
f066c.jpg,2,C,F
f066l.jpg,2,A,F
f067c.jpg,1,C,F
f067r.jpg,1,A,F
f068c.jpg,2,C,F
f068l.jpg,2,A,F
f069c.jpg,1,C,F
f069l.jpg,1,A,F
f071c.jpg,3,C,F
f071r.jpg,3,A,F
f072c.jpg,3,C,F
f072l.jpg,3,A,F
f074c.jpg,1,C,F
f074r.jpg,1,A,F
f075c.jpg,1,C,F
f075r.jpg,1,A,F
f076c.jpg,1,C,F
f076r.jpg,1,A,F
f077c.jpg,3,C,F
f077l.jpg,3,A,F
f078c.jpg,3,C,F
f078l.jpg,3,A,F
f080c.jpg,1,C,F
f080c.jpg,3,A,F
f080r.jpg,1,A,F
f082c.jpg,2,C,F
f082r.jpg,2,A,F
f083c.jpg,2,C,F
f083r.jpg,2,A,F
f084c.jpg,1,C,F
f084r.jpg,1,A,F
f085c.jpg,3,C,F
f085r.jpg,3,A,F
f085r.jpg,3,C,F
f089c.jpg,2,C,F
f089c.jpg,2,A,F
f089r.jpg,2,A,F
f089r.jpg,2,C,F
f090c.jpg,3,C,F
f090l.jpg,3,A,F
f092c.jpg,3,C,F
f092l.jpg,3,A,F
f099c.jpg,2,C,F
f099l.jpg,2,A,F
f100c.jpg,3,C,F
f100l.jpg,3,A,F
f102c.jpg,2,C,F
f102r.jpg,2,A,F
f105c.jpg,1,C,F
f105l.jpg,1,A,F
f107c.jpg,1,C,F
f107l.jpg,1,A,F
f108c.jpg,3,C,F
f108r.jpg,3,A,F
f110c.jpg,3,C,F
f110l.jpg,3,A,F
f111c.jpg,3,C,F
f111r.jpg,3,A,F
f113c.jpg,3,C,F
f113r.jpg,3,A,F
f115c.jpg,2,C,F
f115l.jpg,2,A,F
m001c.jpg,3,C,M
m001r.jpg,3,A,M
m002c.jpg,3,A,F
m002c.jpg,1,C,M
m002l.jpg,1,A,M
m004c.jpg,2,C,M
m004l.jpg,2,A,F
m004l.jpg,2,A,M
m006c.jpg,2,C,M
m006r.jpg,2,A,M
m009c.jpg,1,C,M
m009r.jpg,1,A,M
m011c.jpg,2,C,M
m011l.jpg,2,A,M
m014c.jpg,3,C,M
m014r.jpg,3,A,M
m015c.jpg,3,C,M
m015l.jpg,3,A,M
m016c.jpg,3,C,M
m016r.jpg,3,A,M
m021c.jpg,2,C,M
m021r.jpg,1,A,F
m021r.jpg,2,A,M
m022c.jpg,1,C,M
m022l.jpg,1,A,M
m023c.jpg,1,C,M
m023l.jpg,1,A,M
m024c.jpg,3,C,M
m024r.jpg,3,A,M
m025c.jpg,3,C,M
m025l.jpg,1,C,F
m025l.jpg,3,A,M
m026c.jpg,1,C,M
m026r.jpg,1,A,M
m027c.jpg,2,C,M
m027r.jpg,2,A,M
m028c.jpg,2,C,M
m028r.jpg,2,A,M
m029c.jpg,2,C,M
m029l.jpg,2,A,M
m030c.jpg,1,C,M
m030r.jpg,1,A,M
m034c.jpg,3,C,M
m034l.jpg,3,A,M
m035c.jpg,1,C,M
m035r.jpg,1,A,M
m036c.jpg,3,C,M
m036l.jpg,3,A,M
m038c.jpg,2,C,M
m038r.jpg,2,A,M
m041c.jpg,3,C,M
m041l.jpg,3,A,M
m044c.jpg,3,C,M
m044l.jpg,3,A,M
m047c.jpg,2,C,M
m047l.jpg,2,A,M
m048c.jpg,3,C,M
m048l.jpg,3,A,M
m049c.jpg,2,C,M
m049l.jpg,2,A,M
m050c.jpg,2,C,M
m050l.jpg,2,A,M
m051c.jpg,2,C,M
m051l.jpg,2,A,M
m052c.jpg,1,C,M
m052r.jpg,1,A,M
m054c.jpg,1,C,M
m054r.jpg,1,A,M
m055c.jpg,1,C,M
m055r.jpg,1,A,M
m058c.jpg,1,C,M
m058r.jpg,3,A,F
m058r.jpg,1,A,M
m061c.jpg,2,C,M
m061r.jpg,2,A,M
m062c.jpg,2,C,M
m062r.jpg,2,A,M
m063c.jpg,3,C,M
m063r.jpg,3,A,M
m064c.jpg,2,A,F
m064c.jpg,3,C,M
m064l.jpg,3,A,M
m065c.jpg,1,C,M
m065l.jpg,1,A,M
m067c.jpg,2,C,M
m067r.jpg,2,A,M
m068c.jpg,3,C,M
m068r.jpg,3,A,M
m069c.jpg,2,C,M
m069l.jpg,2,A,M
m070c.jpg,3,C,M
m070l.jpg,3,A,M
m071c.jpg,1,C,F
m071c.jpg,2,C,M
m071l.jpg,1,A,F
m071l.jpg,2,A,M
m072c.jpg,1,C,M
m072r.jpg,1,A,M
m074c.jpg,2,C,M
m074l.jpg,2,A,M
m075c.jpg,3,C,M
m075l.jpg,3,A,M
m076c.jpg,2,C,M
m076l.jpg,2,A,M
m077c.jpg,1,C,M
m077r.jpg,1,A,M
m079c.jpg,2,C,M
m079r.jpg,2,A,M
m083c.jpg,1,C,M
m083l.jpg,1,A,M
m084c.jpg,2,C,F
m084c.jpg,1,C,M
m084r.jpg,1,A,M
m085c.jpg,3,C,M
m085l.jpg,3,A,M
m086c.jpg,2,A,F
m086c.jpg,2,C,M
m086r.jpg,2,C,F
m086r.jpg,2,A,M
m087c.jpg,2,C,M
m087r.jpg,2,A,M
m088c.jpg,2,C,M
m088l.jpg,2,A,M
m089c.jpg,3,C,M
m089l.jpg,3,A,M
m090c.jpg,1,C,M
m090l.jpg,1,A,M
m091c.jpg,1,C,M
m091r.jpg,1,A,M
m095c.jpg,2,C,M
m095r.jpg,2,A,M
null,NA,NULL,NULL
