Stimulus,Imagelist
f067r.jpg,Picture_L_1A
m015l.jpg,Picture_L_1A
f011c.jpg,Picture_L_1A
m052r.jpg,Picture_L_1A
f113c.jpg,Picture_L_1A
f035r.jpg,Picture_L_1A
m087c.jpg,Picture_L_1A
f048c.jpg,Picture_L_1A
f030c.jpg,Picture_L_1A
f067c.jpg,Picture_L_1A
m029c.jpg,Picture_L_1A
m015c.jpg,Picture_L_1A
f048l.jpg,Picture_L_1A
m087r.jpg,Picture_L_1A
m049c.jpg,Picture_L_1A
f053r.jpg,Picture_L_1A
m049l.jpg,Picture_L_1A
f056c.jpg,Picture_L_1A
f030l.jpg,Picture_L_1A
f021l.jpg,Picture_L_1A
f056l.jpg,Picture_L_1A
m079r.jpg,Picture_L_1A
m089c.jpg,Picture_L_1A
m029l.jpg,Picture_L_1A
f063c.jpg,Picture_L_1A
m009c.jpg,Picture_L_1A
f053c.jpg,Picture_L_1A
m014r.jpg,Picture_L_1A
f113r.jpg,Picture_L_1A
f021c.jpg,Picture_L_1A
m009r.jpg,Picture_L_1A
m014c.jpg,Picture_L_1A
f011l.jpg,Picture_L_1A
m089l.jpg,Picture_L_1A
m079c.jpg,Picture_L_1A
m022l.jpg,Picture_L_1A
f035c.jpg,Picture_L_1A
f063r.jpg,Picture_L_1A
m022c.jpg,Picture_L_1A
m052c.jpg,Picture_L_1A
m011l.jpg,Picture_L_6B
m026c.jpg,Picture_L_6B
f049r.jpg,Picture_L_6B
m047l.jpg,Picture_L_6B
f049c.jpg,Picture_L_6B
f013c.jpg,Picture_L_6B
f052c.jpg,Picture_L_6B
m055r.jpg,Picture_L_6B
m075c.jpg,Picture_L_6B
m075l.jpg,Picture_L_6B
m055c.jpg,Picture_L_6B
f001l.jpg,Picture_L_6B
f047c.jpg,Picture_L_6B
f107c.jpg,Picture_L_6B
m063c.jpg,Picture_L_6B
f107l.jpg,Picture_L_6B
f033r.jpg,Picture_L_6B
f036c.jpg,Picture_L_6B
m041c.jpg,Picture_L_6B
m061r.jpg,Picture_L_6B
m061c.jpg,Picture_L_6B
f013r.jpg,Picture_L_6B
f001c.jpg,Picture_L_6B
f005r.jpg,Picture_L_6B
m083c.jpg,Picture_L_6B
m041l.jpg,Picture_L_6B
m047c.jpg,Picture_L_6B
m006c.jpg,Picture_L_6B
m063r.jpg,Picture_L_6B
f052l.jpg,Picture_L_6B
m011c.jpg,Picture_L_6B
f005c.jpg,Picture_L_6B
m083l.jpg,Picture_L_6B
m006r.jpg,Picture_L_6B
f047l.jpg,Picture_L_6B
f110l.jpg,Picture_L_6B
f036r.jpg,Picture_L_6B
m026r.jpg,Picture_L_6B
f033c.jpg,Picture_L_6B
f110c.jpg,Picture_L_6B
m041l.jpg,Picture_L_6A
m047l.jpg,Picture_L_6A
m061c.jpg,Picture_L_6A
m075l.jpg,Picture_L_6A
f013r.jpg,Picture_L_6A
f047c.jpg,Picture_L_6A
m075c.jpg,Picture_L_6A
m026c.jpg,Picture_L_6A
m011l.jpg,Picture_L_6A
f033c.jpg,Picture_L_6A
f036c.jpg,Picture_L_6A
f049c.jpg,Picture_L_6A
m047c.jpg,Picture_L_6A
f033r.jpg,Picture_L_6A
f013c.jpg,Picture_L_6A
m063r.jpg,Picture_L_6A
m083c.jpg,Picture_L_6A
f107l.jpg,Picture_L_6A
f036r.jpg,Picture_L_6A
f110l.jpg,Picture_L_6A
f047l.jpg,Picture_L_6A
m011c.jpg,Picture_L_6A
m006r.jpg,Picture_L_6A
f001c.jpg,Picture_L_6A
m026r.jpg,Picture_L_6A
m055c.jpg,Picture_L_6A
m083l.jpg,Picture_L_6A
f052l.jpg,Picture_L_6A
m061r.jpg,Picture_L_6A
m041c.jpg,Picture_L_6A
f110c.jpg,Picture_L_6A
f005c.jpg,Picture_L_6A
m006c.jpg,Picture_L_6A
m063c.jpg,Picture_L_6A
f107c.jpg,Picture_L_6A
f001l.jpg,Picture_L_6A
f005r.jpg,Picture_L_6A
m055r.jpg,Picture_L_6A
f049r.jpg,Picture_L_6A
f052c.jpg,Picture_L_6A
m084r.jpg,Picture_L_2B
m064c.jpg,Picture_L_2B
f085c.jpg,Picture_L_2B
f100l.jpg,Picture_L_2B
f003l.jpg,Picture_L_2B
f051c.jpg,Picture_L_2B
f100c.jpg,Picture_L_2B
f085r.jpg,Picture_L_2B
m002l.jpg,Picture_L_2B
f042r.jpg,Picture_L_2B
f023l.jpg,Picture_L_2B
m025l.jpg,Picture_L_2B
m064l.jpg,Picture_L_2B
f051l.jpg,Picture_L_2B
m086c.jpg,Picture_L_2B
f012r.jpg,Picture_L_2B
m071c.jpg,Picture_L_2B
m004c.jpg,Picture_L_2B
f080r.jpg,Picture_L_2B
m068c.jpg,Picture_L_2B
f068c.jpg,Picture_L_2B
m004l.jpg,Picture_L_2B
m025c.jpg,Picture_L_2B
m002c.jpg,Picture_L_2B
f080c.jpg,Picture_L_2B
m058r.jpg,Picture_L_2B
m021r.jpg,Picture_L_2B
f023c.jpg,Picture_L_2B
m021c.jpg,Picture_L_2B
f089r.jpg,Picture_L_2B
f089c.jpg,Picture_L_2B
m086r.jpg,Picture_L_2B
f042c.jpg,Picture_L_2B
m084c.jpg,Picture_L_2B
f003c.jpg,Picture_L_2B
m058c.jpg,Picture_L_2B
m071l.jpg,Picture_L_2B
f012c.jpg,Picture_L_2B
m068r.jpg,Picture_L_2B
f068l.jpg,Picture_L_2B
f099c.jpg,Picture_L_4A
f099l.jpg,Picture_L_4A
f092c.jpg,Picture_L_4A
m072c.jpg,Picture_L_4A
m067r.jpg,Picture_L_4A
f029c.jpg,Picture_L_4A
m067c.jpg,Picture_L_4A
f092l.jpg,Picture_L_4A
m090c.jpg,Picture_L_4A
m044c.jpg,Picture_L_4A
m085l.jpg,Picture_L_4A
m085c.jpg,Picture_L_4A
m016c.jpg,Picture_L_4A
f065r.jpg,Picture_L_4A
f029r.jpg,Picture_L_4A
f084r.jpg,Picture_L_4A
f090l.jpg,Picture_L_4A
f083r.jpg,Picture_L_4A
m091r.jpg,Picture_L_4A
m016r.jpg,Picture_L_4A
f108r.jpg,Picture_L_4A
f083c.jpg,Picture_L_4A
m090l.jpg,Picture_L_4A
m088c.jpg,Picture_L_4A
m069c.jpg,Picture_L_4A
f021l.jpg,Picture_L_4A
m088l.jpg,Picture_L_4A
f108c.jpg,Picture_L_4A
f065c.jpg,Picture_L_4A
m069l.jpg,Picture_L_4A
f021c.jpg,Picture_L_4A
f090c.jpg,Picture_L_4A
m044l.jpg,Picture_L_4A
m091c.jpg,Picture_L_4A
f069l.jpg,Picture_L_4A
f084c.jpg,Picture_L_4A
m028c.jpg,Picture_L_4A
m028r.jpg,Picture_L_4A
m072r.jpg,Picture_L_4A
f069c.jpg,Picture_L_4A
f077l.jpg,Picture_L_3A
m050c.jpg,Picture_L_3A
m036l.jpg,Picture_L_3A
m023l.jpg,Picture_L_3A
f077c.jpg,Picture_L_3A
f074c.jpg,Picture_L_3A
m035r.jpg,Picture_L_3A
m034l.jpg,Picture_L_3A
m036c.jpg,Picture_L_3A
f111r.jpg,Picture_L_3A
f057r.jpg,Picture_L_3A
f105l.jpg,Picture_L_3A
f022r.jpg,Picture_L_3A
m023c.jpg,Picture_L_3A
m062r.jpg,Picture_L_3A
f111c.jpg,Picture_L_3A
m077r.jpg,Picture_L_3A
f105c.jpg,Picture_L_3A
f006l.jpg,Picture_L_3A
f028l.jpg,Picture_L_3A
f057c.jpg,Picture_L_3A
f028c.jpg,Picture_L_3A
m001r.jpg,Picture_L_3A
m074l.jpg,Picture_L_3A
m074c.jpg,Picture_L_3A
m001c.jpg,Picture_L_3A
f022c.jpg,Picture_L_3A
m038r.jpg,Picture_L_3A
f072c.jpg,Picture_L_3A
f082r.jpg,Picture_L_3A
f082c.jpg,Picture_L_3A
m038c.jpg,Picture_L_3A
m077c.jpg,Picture_L_3A
f074r.jpg,Picture_L_3A
f072l.jpg,Picture_L_3A
m050l.jpg,Picture_L_3A
m034c.jpg,Picture_L_3A
m062c.jpg,Picture_L_3A
m035c.jpg,Picture_L_3A
f006c.jpg,Picture_L_3A
m011l.jpg,Picture_L_6B
m026c.jpg,Picture_L_6B
f049r.jpg,Picture_L_6B
m047l.jpg,Picture_L_6B
f049c.jpg,Picture_L_6B
f013c.jpg,Picture_L_6B
f052c.jpg,Picture_L_6B
m055r.jpg,Picture_L_6B
m075c.jpg,Picture_L_6B
m075l.jpg,Picture_L_6B
m055c.jpg,Picture_L_6B
f001l.jpg,Picture_L_6B
f047c.jpg,Picture_L_6B
f107c.jpg,Picture_L_6B
m063c.jpg,Picture_L_6B
f107l.jpg,Picture_L_6B
f033r.jpg,Picture_L_6B
f036c.jpg,Picture_L_6B
m041c.jpg,Picture_L_6B
m061r.jpg,Picture_L_6B
m061c.jpg,Picture_L_6B
f013r.jpg,Picture_L_6B
f001c.jpg,Picture_L_6B
f005r.jpg,Picture_L_6B
m083c.jpg,Picture_L_6B
m041l.jpg,Picture_L_6B
m047c.jpg,Picture_L_6B
m006c.jpg,Picture_L_6B
m063r.jpg,Picture_L_6B
f052l.jpg,Picture_L_6B
m011c.jpg,Picture_L_6B
f005c.jpg,Picture_L_6B
m083l.jpg,Picture_L_6B
m006r.jpg,Picture_L_6B
f047l.jpg,Picture_L_6B
f110l.jpg,Picture_L_6B
f036r.jpg,Picture_L_6B
m026r.jpg,Picture_L_6B
f033c.jpg,Picture_L_6B
f110c.jpg,Picture_L_6B
f012r.jpg,Picture_L_2A
m021r.jpg,Picture_L_2A
m068c.jpg,Picture_L_2A
f085c.jpg,Picture_L_2A
f023c.jpg,Picture_L_2A
m084c.jpg,Picture_L_2A
f100c.jpg,Picture_L_2A
m071c.jpg,Picture_L_2A
m071l.jpg,Picture_L_2A
f003c.jpg,Picture_L_2A
f051c.jpg,Picture_L_2A
m004c.jpg,Picture_L_2A
m002l.jpg,Picture_L_2A
f003l.jpg,Picture_L_2A
m086r.jpg,Picture_L_2A
f080c.jpg,Picture_L_2A
m004l.jpg,Picture_L_2A
f051l.jpg,Picture_L_2A
m021c.jpg,Picture_L_2A
m002c.jpg,Picture_L_2A
f089r.jpg,Picture_L_2A
m084r.jpg,Picture_L_2A
f100l.jpg,Picture_L_2A
f085r.jpg,Picture_L_2A
f023l.jpg,Picture_L_2A
f080r.jpg,Picture_L_2A
m025c.jpg,Picture_L_2A
m064l.jpg,Picture_L_2A
f068c.jpg,Picture_L_2A
f068l.jpg,Picture_L_2A
f089c.jpg,Picture_L_2A
f042c.jpg,Picture_L_2A
f012c.jpg,Picture_L_2A
m086c.jpg,Picture_L_2A
m064c.jpg,Picture_L_2A
f042r.jpg,Picture_L_2A
m058r.jpg,Picture_L_2A
m058c.jpg,Picture_L_2A
m025l.jpg,Picture_L_2A
m068r.jpg,Picture_L_2A
m011l.jpg,Picture_L_6B
m026c.jpg,Picture_L_6B
f049r.jpg,Picture_L_6B
m047l.jpg,Picture_L_6B
f049c.jpg,Picture_L_6B
f013c.jpg,Picture_L_6B
f052c.jpg,Picture_L_6B
m055r.jpg,Picture_L_6B
m075c.jpg,Picture_L_6B
m075l.jpg,Picture_L_6B
m055c.jpg,Picture_L_6B
f001l.jpg,Picture_L_6B
f047c.jpg,Picture_L_6B
f107c.jpg,Picture_L_6B
m063c.jpg,Picture_L_6B
f107l.jpg,Picture_L_6B
f033r.jpg,Picture_L_6B
f036c.jpg,Picture_L_6B
m041c.jpg,Picture_L_6B
m061r.jpg,Picture_L_6B
m061c.jpg,Picture_L_6B
f013r.jpg,Picture_L_6B
f001c.jpg,Picture_L_6B
f005r.jpg,Picture_L_6B
m083c.jpg,Picture_L_6B
m041l.jpg,Picture_L_6B
m047c.jpg,Picture_L_6B
m006c.jpg,Picture_L_6B
m063r.jpg,Picture_L_6B
f052l.jpg,Picture_L_6B
m011c.jpg,Picture_L_6B
f005c.jpg,Picture_L_6B
m083l.jpg,Picture_L_6B
m006r.jpg,Picture_L_6B
f047l.jpg,Picture_L_6B
f110l.jpg,Picture_L_6B
f036r.jpg,Picture_L_6B
m026r.jpg,Picture_L_6B
f033c.jpg,Picture_L_6B
f110c.jpg,Picture_L_6B
f099c.jpg,Picture_L_4A
f099l.jpg,Picture_L_4A
f092c.jpg,Picture_L_4A
m072c.jpg,Picture_L_4A
m067r.jpg,Picture_L_4A
f029c.jpg,Picture_L_4A
m067c.jpg,Picture_L_4A
f092l.jpg,Picture_L_4A
m090c.jpg,Picture_L_4A
m044c.jpg,Picture_L_4A
m085l.jpg,Picture_L_4A
m085c.jpg,Picture_L_4A
m016c.jpg,Picture_L_4A
f065r.jpg,Picture_L_4A
f029r.jpg,Picture_L_4A
f084r.jpg,Picture_L_4A
f090l.jpg,Picture_L_4A
f083r.jpg,Picture_L_4A
m091r.jpg,Picture_L_4A
m016r.jpg,Picture_L_4A
f108r.jpg,Picture_L_4A
f083c.jpg,Picture_L_4A
m090l.jpg,Picture_L_4A
m088c.jpg,Picture_L_4A
m069c.jpg,Picture_L_4A
f021l.jpg,Picture_L_4A
m088l.jpg,Picture_L_4A
f108c.jpg,Picture_L_4A
f065c.jpg,Picture_L_4A
m069l.jpg,Picture_L_4A
f021c.jpg,Picture_L_4A
f090c.jpg,Picture_L_4A
m044l.jpg,Picture_L_4A
m091c.jpg,Picture_L_4A
f069l.jpg,Picture_L_4A
f084c.jpg,Picture_L_4A
m028c.jpg,Picture_L_4A
m028r.jpg,Picture_L_4A
m072r.jpg,Picture_L_4A
f069c.jpg,Picture_L_4A
m065c.jpg,Picture_L_5A
m027r.jpg,Picture_L_5A
f071c.jpg,Picture_L_5A
m065l.jpg,Picture_L_5A
f075r.jpg,Picture_L_5A
f071r.jpg,Picture_L_5A
f040c.jpg,Picture_L_5A
f066l.jpg,Picture_L_5A
m024r.jpg,Picture_L_5A
f115c.jpg,Picture_L_5A
m054c.jpg,Picture_L_5A
m048l.jpg,Picture_L_5A
m030c.jpg,Picture_L_5A
m076l.jpg,Picture_L_5A
f102r.jpg,Picture_L_5A
m070c.jpg,Picture_L_5A
f027c.jpg,Picture_L_5A
f115l.jpg,Picture_L_5A
f027l.jpg,Picture_L_5A
m030r.jpg,Picture_L_5A
m051c.jpg,Picture_L_5A
f066c.jpg,Picture_L_5A
m095c.jpg,Picture_L_5A
f040l.jpg,Picture_L_5A
m095r.jpg,Picture_L_5A
f078l.jpg,Picture_L_5A
m048c.jpg,Picture_L_5A
f075c.jpg,Picture_L_5A
m024c.jpg,Picture_L_5A
f076r.jpg,Picture_L_5A
m051l.jpg,Picture_L_5A
m027c.jpg,Picture_L_5A
f016r.jpg,Picture_L_5A
f102c.jpg,Picture_L_5A
m070l.jpg,Picture_L_5A
f076c.jpg,Picture_L_5A
m054r.jpg,Picture_L_5A
f078c.jpg,Picture_L_5A
m076c.jpg,Picture_L_5A
f016c.jpg,Picture_L_5A
m016c.jpg,Picture_L_4B
f090c.jpg,Picture_L_4B
m091c.jpg,Picture_L_4B
f084c.jpg,Picture_L_4B
f083c.jpg,Picture_L_4B
f092l.jpg,Picture_L_4B
f099l.jpg,Picture_L_4B
m016r.jpg,Picture_L_4B
f069c.jpg,Picture_L_4B
m072c.jpg,Picture_L_4B
m028r.jpg,Picture_L_4B
m088c.jpg,Picture_L_4B
f021l.jpg,Picture_L_4B
m085c.jpg,Picture_L_4B
m067c.jpg,Picture_L_4B
m072r.jpg,Picture_L_4B
f029r.jpg,Picture_L_4B
m088l.jpg,Picture_L_4B
f065c.jpg,Picture_L_4B
f090l.jpg,Picture_L_4B
m044l.jpg,Picture_L_4B
m028c.jpg,Picture_L_4B
f021c.jpg,Picture_L_4B
m044c.jpg,Picture_L_4B
f069l.jpg,Picture_L_4B
m067r.jpg,Picture_L_4B
f108c.jpg,Picture_L_4B
f092c.jpg,Picture_L_4B
f083r.jpg,Picture_L_4B
m085l.jpg,Picture_L_4B
f099c.jpg,Picture_L_4B
m091r.jpg,Picture_L_4B
m069c.jpg,Picture_L_4B
f084r.jpg,Picture_L_4B
f065r.jpg,Picture_L_4B
m090l.jpg,Picture_L_4B
f108r.jpg,Picture_L_4B
m069l.jpg,Picture_L_4B
f029c.jpg,Picture_L_4B
m090c.jpg,Picture_L_4B
f012r.jpg,Picture_L_2A
m021r.jpg,Picture_L_2A
m068c.jpg,Picture_L_2A
f085c.jpg,Picture_L_2A
f023c.jpg,Picture_L_2A
m084c.jpg,Picture_L_2A
f100c.jpg,Picture_L_2A
m071c.jpg,Picture_L_2A
m071l.jpg,Picture_L_2A
f003c.jpg,Picture_L_2A
f051c.jpg,Picture_L_2A
m004c.jpg,Picture_L_2A
m002l.jpg,Picture_L_2A
f003l.jpg,Picture_L_2A
m086r.jpg,Picture_L_2A
f080c.jpg,Picture_L_2A
m004l.jpg,Picture_L_2A
f051l.jpg,Picture_L_2A
m021c.jpg,Picture_L_2A
m002c.jpg,Picture_L_2A
f089r.jpg,Picture_L_2A
m084r.jpg,Picture_L_2A
f100l.jpg,Picture_L_2A
f085r.jpg,Picture_L_2A
f023l.jpg,Picture_L_2A
f080r.jpg,Picture_L_2A
m025c.jpg,Picture_L_2A
m064l.jpg,Picture_L_2A
f068c.jpg,Picture_L_2A
f068l.jpg,Picture_L_2A
f089c.jpg,Picture_L_2A
f042c.jpg,Picture_L_2A
f012c.jpg,Picture_L_2A
m086c.jpg,Picture_L_2A
m064c.jpg,Picture_L_2A
f042r.jpg,Picture_L_2A
m058r.jpg,Picture_L_2A
m058c.jpg,Picture_L_2A
m025l.jpg,Picture_L_2A
m068r.jpg,Picture_L_2A
m036l.jpg,Picture_L_3B
m050l.jpg,Picture_L_3B
f022r.jpg,Picture_L_3B
f006c.jpg,Picture_L_3B
m077r.jpg,Picture_L_3B
f057r.jpg,Picture_L_3B
m034l.jpg,Picture_L_3B
m001r.jpg,Picture_L_3B
f105c.jpg,Picture_L_3B
f105l.jpg,Picture_L_3B
m036c.jpg,Picture_L_3B
m074l.jpg,Picture_L_3B
f074r.jpg,Picture_L_3B
m001c.jpg,Picture_L_3B
f082c.jpg,Picture_L_3B
f077l.jpg,Picture_L_3B
f006l.jpg,Picture_L_3B
m062r.jpg,Picture_L_3B
f022c.jpg,Picture_L_3B
f082r.jpg,Picture_L_3B
m034c.jpg,Picture_L_3B
m038c.jpg,Picture_L_3B
m077c.jpg,Picture_L_3B
f111r.jpg,Picture_L_3B
f072l.jpg,Picture_L_3B
m023c.jpg,Picture_L_3B
f074c.jpg,Picture_L_3B
f057c.jpg,Picture_L_3B
m035r.jpg,Picture_L_3B
f028l.jpg,Picture_L_3B
m050c.jpg,Picture_L_3B
f072c.jpg,Picture_L_3B
f111c.jpg,Picture_L_3B
m023l.jpg,Picture_L_3B
m062c.jpg,Picture_L_3B
f077c.jpg,Picture_L_3B
f028c.jpg,Picture_L_3B
m038r.jpg,Picture_L_3B
m074c.jpg,Picture_L_3B
m035c.jpg,Picture_L_3B
m065c.jpg,Picture_L_5A
m027r.jpg,Picture_L_5A
f071c.jpg,Picture_L_5A
m065l.jpg,Picture_L_5A
f075r.jpg,Picture_L_5A
f071r.jpg,Picture_L_5A
f040c.jpg,Picture_L_5A
f066l.jpg,Picture_L_5A
m024r.jpg,Picture_L_5A
f115c.jpg,Picture_L_5A
m054c.jpg,Picture_L_5A
m048l.jpg,Picture_L_5A
m030c.jpg,Picture_L_5A
m076l.jpg,Picture_L_5A
f102r.jpg,Picture_L_5A
m070c.jpg,Picture_L_5A
f027c.jpg,Picture_L_5A
f115l.jpg,Picture_L_5A
f027l.jpg,Picture_L_5A
m030r.jpg,Picture_L_5A
m051c.jpg,Picture_L_5A
f066c.jpg,Picture_L_5A
m095c.jpg,Picture_L_5A
f040l.jpg,Picture_L_5A
m095r.jpg,Picture_L_5A
f078l.jpg,Picture_L_5A
m048c.jpg,Picture_L_5A
f075c.jpg,Picture_L_5A
m024c.jpg,Picture_L_5A
f076r.jpg,Picture_L_5A
m051l.jpg,Picture_L_5A
m027c.jpg,Picture_L_5A
f016r.jpg,Picture_L_5A
f102c.jpg,Picture_L_5A
m070l.jpg,Picture_L_5A
f076c.jpg,Picture_L_5A
m054r.jpg,Picture_L_5A
f078c.jpg,Picture_L_5A
m076c.jpg,Picture_L_5A
f016c.jpg,Picture_L_5A
m065c.jpg,Picture_L_5A
m027r.jpg,Picture_L_5A
f071c.jpg,Picture_L_5A
m065l.jpg,Picture_L_5A
f075r.jpg,Picture_L_5A
f071r.jpg,Picture_L_5A
f040c.jpg,Picture_L_5A
f066l.jpg,Picture_L_5A
m024r.jpg,Picture_L_5A
f115c.jpg,Picture_L_5A
m054c.jpg,Picture_L_5A
m048l.jpg,Picture_L_5A
m030c.jpg,Picture_L_5A
m076l.jpg,Picture_L_5A
f102r.jpg,Picture_L_5A
m070c.jpg,Picture_L_5A
f027c.jpg,Picture_L_5A
f115l.jpg,Picture_L_5A
f027l.jpg,Picture_L_5A
m030r.jpg,Picture_L_5A
m051c.jpg,Picture_L_5A
f066c.jpg,Picture_L_5A
m095c.jpg,Picture_L_5A
f040l.jpg,Picture_L_5A
m095r.jpg,Picture_L_5A
f078l.jpg,Picture_L_5A
m048c.jpg,Picture_L_5A
f075c.jpg,Picture_L_5A
m024c.jpg,Picture_L_5A
f076r.jpg,Picture_L_5A
m051l.jpg,Picture_L_5A
m027c.jpg,Picture_L_5A
f016r.jpg,Picture_L_5A
f102c.jpg,Picture_L_5A
m070l.jpg,Picture_L_5A
f076c.jpg,Picture_L_5A
m054r.jpg,Picture_L_5A
f078c.jpg,Picture_L_5A
m076c.jpg,Picture_L_5A
f016c.jpg,Picture_L_5A
m015c.jpg,Picture_L_1B
f113c.jpg,Picture_L_1B
f067r.jpg,Picture_L_1B
f113r.jpg,Picture_L_1B
f030c.jpg,Picture_L_1B
m049c.jpg,Picture_L_1B
m009c.jpg,Picture_L_1B
f067c.jpg,Picture_L_1B
m087r.jpg,Picture_L_1B
f063r.jpg,Picture_L_1B
m049l.jpg,Picture_L_1B
m079c.jpg,Picture_L_1B
m089c.jpg,Picture_L_1B
f011c.jpg,Picture_L_1B
f035r.jpg,Picture_L_1B
f030l.jpg,Picture_L_1B
m015l.jpg,Picture_L_1B
m014c.jpg,Picture_L_1B
m029c.jpg,Picture_L_1B
f056c.jpg,Picture_L_1B
f021l.jpg,Picture_L_1B
f021c.jpg,Picture_L_1B
m052r.jpg,Picture_L_1B
m087c.jpg,Picture_L_1B
m022l.jpg,Picture_L_1B
f053r.jpg,Picture_L_1B
m079r.jpg,Picture_L_1B
m014r.jpg,Picture_L_1B
f056l.jpg,Picture_L_1B
m009r.jpg,Picture_L_1B
m089l.jpg,Picture_L_1B
f048l.jpg,Picture_L_1B
f035c.jpg,Picture_L_1B
m022c.jpg,Picture_L_1B
f053c.jpg,Picture_L_1B
f011l.jpg,Picture_L_1B
m029l.jpg,Picture_L_1B
m052c.jpg,Picture_L_1B
f063c.jpg,Picture_L_1B
f048c.jpg,Picture_L_1B
m041l.jpg,Picture_L_6A
m047l.jpg,Picture_L_6A
m061c.jpg,Picture_L_6A
m075l.jpg,Picture_L_6A
f013r.jpg,Picture_L_6A
f047c.jpg,Picture_L_6A
m075c.jpg,Picture_L_6A
m026c.jpg,Picture_L_6A
m011l.jpg,Picture_L_6A
f033c.jpg,Picture_L_6A
f036c.jpg,Picture_L_6A
f049c.jpg,Picture_L_6A
m047c.jpg,Picture_L_6A
f033r.jpg,Picture_L_6A
f013c.jpg,Picture_L_6A
m063r.jpg,Picture_L_6A
m083c.jpg,Picture_L_6A
f107l.jpg,Picture_L_6A
f036r.jpg,Picture_L_6A
f110l.jpg,Picture_L_6A
f047l.jpg,Picture_L_6A
m011c.jpg,Picture_L_6A
m006r.jpg,Picture_L_6A
f001c.jpg,Picture_L_6A
m026r.jpg,Picture_L_6A
m055c.jpg,Picture_L_6A
m083l.jpg,Picture_L_6A
f052l.jpg,Picture_L_6A
m061r.jpg,Picture_L_6A
m041c.jpg,Picture_L_6A
f110c.jpg,Picture_L_6A
f005c.jpg,Picture_L_6A
m006c.jpg,Picture_L_6A
m063c.jpg,Picture_L_6A
f107c.jpg,Picture_L_6A
f001l.jpg,Picture_L_6A
f005r.jpg,Picture_L_6A
m055r.jpg,Picture_L_6A
f049r.jpg,Picture_L_6A
f052c.jpg,Picture_L_6A
m011l.jpg,Picture_L_6B
m026c.jpg,Picture_L_6B
f049r.jpg,Picture_L_6B
m047l.jpg,Picture_L_6B
f049c.jpg,Picture_L_6B
f013c.jpg,Picture_L_6B
f052c.jpg,Picture_L_6B
m055r.jpg,Picture_L_6B
m075c.jpg,Picture_L_6B
m075l.jpg,Picture_L_6B
m055c.jpg,Picture_L_6B
f001l.jpg,Picture_L_6B
f047c.jpg,Picture_L_6B
f107c.jpg,Picture_L_6B
m063c.jpg,Picture_L_6B
f107l.jpg,Picture_L_6B
f033r.jpg,Picture_L_6B
f036c.jpg,Picture_L_6B
m041c.jpg,Picture_L_6B
m061r.jpg,Picture_L_6B
m061c.jpg,Picture_L_6B
f013r.jpg,Picture_L_6B
f001c.jpg,Picture_L_6B
f005r.jpg,Picture_L_6B
m083c.jpg,Picture_L_6B
m041l.jpg,Picture_L_6B
m047c.jpg,Picture_L_6B
m006c.jpg,Picture_L_6B
m063r.jpg,Picture_L_6B
f052l.jpg,Picture_L_6B
m011c.jpg,Picture_L_6B
f005c.jpg,Picture_L_6B
m083l.jpg,Picture_L_6B
m006r.jpg,Picture_L_6B
f047l.jpg,Picture_L_6B
f110l.jpg,Picture_L_6B
f036r.jpg,Picture_L_6B
m026r.jpg,Picture_L_6B
f033c.jpg,Picture_L_6B
f110c.jpg,Picture_L_6B
m016c.jpg,Picture_L_4B
f090c.jpg,Picture_L_4B
m091c.jpg,Picture_L_4B
f084c.jpg,Picture_L_4B
f083c.jpg,Picture_L_4B
f092l.jpg,Picture_L_4B
f099l.jpg,Picture_L_4B
m016r.jpg,Picture_L_4B
f069c.jpg,Picture_L_4B
m072c.jpg,Picture_L_4B
m028r.jpg,Picture_L_4B
m088c.jpg,Picture_L_4B
f021l.jpg,Picture_L_4B
m085c.jpg,Picture_L_4B
m067c.jpg,Picture_L_4B
m072r.jpg,Picture_L_4B
f029r.jpg,Picture_L_4B
m088l.jpg,Picture_L_4B
f065c.jpg,Picture_L_4B
f090l.jpg,Picture_L_4B
m044l.jpg,Picture_L_4B
m028c.jpg,Picture_L_4B
f021c.jpg,Picture_L_4B
m044c.jpg,Picture_L_4B
f069l.jpg,Picture_L_4B
m067r.jpg,Picture_L_4B
f108c.jpg,Picture_L_4B
f092c.jpg,Picture_L_4B
f083r.jpg,Picture_L_4B
m085l.jpg,Picture_L_4B
f099c.jpg,Picture_L_4B
m091r.jpg,Picture_L_4B
m069c.jpg,Picture_L_4B
f084r.jpg,Picture_L_4B
f065r.jpg,Picture_L_4B
m090l.jpg,Picture_L_4B
f108r.jpg,Picture_L_4B
m069l.jpg,Picture_L_4B
f029c.jpg,Picture_L_4B
m090c.jpg,Picture_L_4B
f067r.jpg,Picture_L_1A
m015l.jpg,Picture_L_1A
f011c.jpg,Picture_L_1A
m052r.jpg,Picture_L_1A
f113c.jpg,Picture_L_1A
f035r.jpg,Picture_L_1A
m087c.jpg,Picture_L_1A
f048c.jpg,Picture_L_1A
f030c.jpg,Picture_L_1A
f067c.jpg,Picture_L_1A
m029c.jpg,Picture_L_1A
m015c.jpg,Picture_L_1A
f048l.jpg,Picture_L_1A
m087r.jpg,Picture_L_1A
m049c.jpg,Picture_L_1A
f053r.jpg,Picture_L_1A
m049l.jpg,Picture_L_1A
f056c.jpg,Picture_L_1A
f030l.jpg,Picture_L_1A
f021l.jpg,Picture_L_1A
f056l.jpg,Picture_L_1A
m079r.jpg,Picture_L_1A
m089c.jpg,Picture_L_1A
m029l.jpg,Picture_L_1A
f063c.jpg,Picture_L_1A
m009c.jpg,Picture_L_1A
f053c.jpg,Picture_L_1A
m014r.jpg,Picture_L_1A
f113r.jpg,Picture_L_1A
f021c.jpg,Picture_L_1A
m009r.jpg,Picture_L_1A
m014c.jpg,Picture_L_1A
f011l.jpg,Picture_L_1A
m089l.jpg,Picture_L_1A
m079c.jpg,Picture_L_1A
m022l.jpg,Picture_L_1A
f035c.jpg,Picture_L_1A
f063r.jpg,Picture_L_1A
m022c.jpg,Picture_L_1A
m052c.jpg,Picture_L_1A
f099c.jpg,Picture_L_4A
f099l.jpg,Picture_L_4A
f092c.jpg,Picture_L_4A
m072c.jpg,Picture_L_4A
m067r.jpg,Picture_L_4A
f029c.jpg,Picture_L_4A
m067c.jpg,Picture_L_4A
f092l.jpg,Picture_L_4A
m090c.jpg,Picture_L_4A
m044c.jpg,Picture_L_4A
m085l.jpg,Picture_L_4A
m085c.jpg,Picture_L_4A
m016c.jpg,Picture_L_4A
f065r.jpg,Picture_L_4A
f029r.jpg,Picture_L_4A
f084r.jpg,Picture_L_4A
f090l.jpg,Picture_L_4A
f083r.jpg,Picture_L_4A
m091r.jpg,Picture_L_4A
m016r.jpg,Picture_L_4A
f108r.jpg,Picture_L_4A
f083c.jpg,Picture_L_4A
m090l.jpg,Picture_L_4A
m088c.jpg,Picture_L_4A
m069c.jpg,Picture_L_4A
f021l.jpg,Picture_L_4A
m088l.jpg,Picture_L_4A
f108c.jpg,Picture_L_4A
f065c.jpg,Picture_L_4A
m069l.jpg,Picture_L_4A
f021c.jpg,Picture_L_4A
f090c.jpg,Picture_L_4A
m044l.jpg,Picture_L_4A
m091c.jpg,Picture_L_4A
f069l.jpg,Picture_L_4A
f084c.jpg,Picture_L_4A
m041l.jpg,Picture_L_6A
m047l.jpg,Picture_L_6A
m061c.jpg,Picture_L_6A
m075l.jpg,Picture_L_6A
f013r.jpg,Picture_L_6A
f047c.jpg,Picture_L_6A
m075c.jpg,Picture_L_6A
m026c.jpg,Picture_L_6A
m011l.jpg,Picture_L_6A
f033c.jpg,Picture_L_6A
f036c.jpg,Picture_L_6A
f049c.jpg,Picture_L_6A
m047c.jpg,Picture_L_6A
f033r.jpg,Picture_L_6A
f013c.jpg,Picture_L_6A
m063r.jpg,Picture_L_6A
m083c.jpg,Picture_L_6A
f107l.jpg,Picture_L_6A
f036r.jpg,Picture_L_6A
f110l.jpg,Picture_L_6A
f047l.jpg,Picture_L_6A
m011c.jpg,Picture_L_6A
m006r.jpg,Picture_L_6A
f001c.jpg,Picture_L_6A
m026r.jpg,Picture_L_6A
m055c.jpg,Picture_L_6A
m083l.jpg,Picture_L_6A
f052l.jpg,Picture_L_6A
m061r.jpg,Picture_L_6A
m041c.jpg,Picture_L_6A
f110c.jpg,Picture_L_6A
f005c.jpg,Picture_L_6A
m006c.jpg,Picture_L_6A
m063c.jpg,Picture_L_6A
f107c.jpg,Picture_L_6A
f001l.jpg,Picture_L_6A
f005r.jpg,Picture_L_6A
m055r.jpg,Picture_L_6A
f049r.jpg,Picture_L_6A
f052c.jpg,Picture_L_6A
m016c.jpg,Picture_L_4B
f090c.jpg,Picture_L_4B
m091c.jpg,Picture_L_4B
f084c.jpg,Picture_L_4B
f083c.jpg,Picture_L_4B
f092l.jpg,Picture_L_4B
f099l.jpg,Picture_L_4B
m016r.jpg,Picture_L_4B
f069c.jpg,Picture_L_4B
m072c.jpg,Picture_L_4B
m028r.jpg,Picture_L_4B
m088c.jpg,Picture_L_4B
f021l.jpg,Picture_L_4B
m085c.jpg,Picture_L_4B
m067c.jpg,Picture_L_4B
m072r.jpg,Picture_L_4B
f029r.jpg,Picture_L_4B
m088l.jpg,Picture_L_4B
f065c.jpg,Picture_L_4B
f090l.jpg,Picture_L_4B
m044l.jpg,Picture_L_4B
m028c.jpg,Picture_L_4B
f021c.jpg,Picture_L_4B
m044c.jpg,Picture_L_4B
f069l.jpg,Picture_L_4B
m067r.jpg,Picture_L_4B
f108c.jpg,Picture_L_4B
f092c.jpg,Picture_L_4B
f083r.jpg,Picture_L_4B
m085l.jpg,Picture_L_4B
f099c.jpg,Picture_L_4B
m091r.jpg,Picture_L_4B
m069c.jpg,Picture_L_4B
f084r.jpg,Picture_L_4B
f065r.jpg,Picture_L_4B
m090l.jpg,Picture_L_4B
f108r.jpg,Picture_L_4B
m069l.jpg,Picture_L_4B
f029c.jpg,Picture_L_4B
m090c.jpg,Picture_L_4B
m015c.jpg,Picture_L_1B
f113c.jpg,Picture_L_1B
f067r.jpg,Picture_L_1B
f113r.jpg,Picture_L_1B
f030c.jpg,Picture_L_1B
m049c.jpg,Picture_L_1B
m009c.jpg,Picture_L_1B
f067c.jpg,Picture_L_1B
m087r.jpg,Picture_L_1B
f063r.jpg,Picture_L_1B
m049l.jpg,Picture_L_1B
m079c.jpg,Picture_L_1B
m089c.jpg,Picture_L_1B
f011c.jpg,Picture_L_1B
f035r.jpg,Picture_L_1B
f030l.jpg,Picture_L_1B
m015l.jpg,Picture_L_1B
m014c.jpg,Picture_L_1B
m029c.jpg,Picture_L_1B
f056c.jpg,Picture_L_1B
f021l.jpg,Picture_L_1B
f021c.jpg,Picture_L_1B
m052r.jpg,Picture_L_1B
m087c.jpg,Picture_L_1B
m022l.jpg,Picture_L_1B
f053r.jpg,Picture_L_1B
m079r.jpg,Picture_L_1B
m014r.jpg,Picture_L_1B
f056l.jpg,Picture_L_1B
m009r.jpg,Picture_L_1B
m089l.jpg,Picture_L_1B
f048l.jpg,Picture_L_1B
f035c.jpg,Picture_L_1B
m022c.jpg,Picture_L_1B
f053c.jpg,Picture_L_1B
f011l.jpg,Picture_L_1B
m029l.jpg,Picture_L_1B
m052c.jpg,Picture_L_1B
f063c.jpg,Picture_L_1B
f048c.jpg,Picture_L_1B
f067r.jpg,Picture_L_1A
m015l.jpg,Picture_L_1A
f011c.jpg,Picture_L_1A
m052r.jpg,Picture_L_1A
f113c.jpg,Picture_L_1A
f035r.jpg,Picture_L_1A
m087c.jpg,Picture_L_1A
f048c.jpg,Picture_L_1A
f030c.jpg,Picture_L_1A
f067c.jpg,Picture_L_1A
m029c.jpg,Picture_L_1A
m015c.jpg,Picture_L_1A
f048l.jpg,Picture_L_1A
m087r.jpg,Picture_L_1A
m049c.jpg,Picture_L_1A
f053r.jpg,Picture_L_1A
m049l.jpg,Picture_L_1A
f056c.jpg,Picture_L_1A
f030l.jpg,Picture_L_1A
f021l.jpg,Picture_L_1A
f056l.jpg,Picture_L_1A
m079r.jpg,Picture_L_1A
m089c.jpg,Picture_L_1A
m029l.jpg,Picture_L_1A
f063c.jpg,Picture_L_1A
m009c.jpg,Picture_L_1A
f053c.jpg,Picture_L_1A
m014r.jpg,Picture_L_1A
f113r.jpg,Picture_L_1A
f021c.jpg,Picture_L_1A
m009r.jpg,Picture_L_1A
m014c.jpg,Picture_L_1A
f011l.jpg,Picture_L_1A
m089l.jpg,Picture_L_1A
m079c.jpg,Picture_L_1A
m022l.jpg,Picture_L_1A
f035c.jpg,Picture_L_1A
f063r.jpg,Picture_L_1A
m022c.jpg,Picture_L_1A
m052c.jpg,Picture_L_1A
m065c.jpg,Picture_L_5A
m027r.jpg,Picture_L_5A
f071c.jpg,Picture_L_5A
m065l.jpg,Picture_L_5A
f075r.jpg,Picture_L_5A
f071r.jpg,Picture_L_5A
f040c.jpg,Picture_L_5A
f066l.jpg,Picture_L_5A
m024r.jpg,Picture_L_5A
f115c.jpg,Picture_L_5A
m054c.jpg,Picture_L_5A
m048l.jpg,Picture_L_5A
m030c.jpg,Picture_L_5A
m076l.jpg,Picture_L_5A
f102r.jpg,Picture_L_5A
m070c.jpg,Picture_L_5A
f027c.jpg,Picture_L_5A
f115l.jpg,Picture_L_5A
f027l.jpg,Picture_L_5A
m030r.jpg,Picture_L_5A
m051c.jpg,Picture_L_5A
f066c.jpg,Picture_L_5A
m095c.jpg,Picture_L_5A
f040l.jpg,Picture_L_5A
m095r.jpg,Picture_L_5A
f078l.jpg,Picture_L_5A
m048c.jpg,Picture_L_5A
f075c.jpg,Picture_L_5A
m024c.jpg,Picture_L_5A
f076r.jpg,Picture_L_5A
m051l.jpg,Picture_L_5A
m027c.jpg,Picture_L_5A
f016r.jpg,Picture_L_5A
f102c.jpg,Picture_L_5A
m070l.jpg,Picture_L_5A
f076c.jpg,Picture_L_5A
m054r.jpg,Picture_L_5A
f078c.jpg,Picture_L_5A
m076c.jpg,Picture_L_5A
f016c.jpg,Picture_L_5A
m016c.jpg,Picture_L_4B
f090c.jpg,Picture_L_4B
m091c.jpg,Picture_L_4B
f084c.jpg,Picture_L_4B
f083c.jpg,Picture_L_4B
f092l.jpg,Picture_L_4B
f099l.jpg,Picture_L_4B
m016r.jpg,Picture_L_4B
f069c.jpg,Picture_L_4B
m072c.jpg,Picture_L_4B
m028r.jpg,Picture_L_4B
m088c.jpg,Picture_L_4B
f021l.jpg,Picture_L_4B
m085c.jpg,Picture_L_4B
m067c.jpg,Picture_L_4B
m072r.jpg,Picture_L_4B
f029r.jpg,Picture_L_4B
m088l.jpg,Picture_L_4B
f065c.jpg,Picture_L_4B
f090l.jpg,Picture_L_4B
m044l.jpg,Picture_L_4B
m028c.jpg,Picture_L_4B
f021c.jpg,Picture_L_4B
m044c.jpg,Picture_L_4B
f069l.jpg,Picture_L_4B
m067r.jpg,Picture_L_4B
f108c.jpg,Picture_L_4B
f092c.jpg,Picture_L_4B
f083r.jpg,Picture_L_4B
m085l.jpg,Picture_L_4B
f099c.jpg,Picture_L_4B
m091r.jpg,Picture_L_4B
m069c.jpg,Picture_L_4B
f084r.jpg,Picture_L_4B
f065r.jpg,Picture_L_4B
m090l.jpg,Picture_L_4B
f108r.jpg,Picture_L_4B
m069l.jpg,Picture_L_4B
f029c.jpg,Picture_L_4B
m090c.jpg,Picture_L_4B
m016c.jpg,Picture_L_4B
f090c.jpg,Picture_L_4B
m091c.jpg,Picture_L_4B
f084c.jpg,Picture_L_4B
f083c.jpg,Picture_L_4B
f092l.jpg,Picture_L_4B
f099l.jpg,Picture_L_4B
m016r.jpg,Picture_L_4B
f069c.jpg,Picture_L_4B
m072c.jpg,Picture_L_4B
m028r.jpg,Picture_L_4B
m088c.jpg,Picture_L_4B
f021l.jpg,Picture_L_4B
m085c.jpg,Picture_L_4B
m067c.jpg,Picture_L_4B
m072r.jpg,Picture_L_4B
f029r.jpg,Picture_L_4B
m088l.jpg,Picture_L_4B
f065c.jpg,Picture_L_4B
f090l.jpg,Picture_L_4B
m044l.jpg,Picture_L_4B
m028c.jpg,Picture_L_4B
f021c.jpg,Picture_L_4B
m044c.jpg,Picture_L_4B
f069l.jpg,Picture_L_4B
m067r.jpg,Picture_L_4B
f108c.jpg,Picture_L_4B
f092c.jpg,Picture_L_4B
f083r.jpg,Picture_L_4B
m085l.jpg,Picture_L_4B
f099c.jpg,Picture_L_4B
m091r.jpg,Picture_L_4B
m069c.jpg,Picture_L_4B
f084r.jpg,Picture_L_4B
f065r.jpg,Picture_L_4B
m090l.jpg,Picture_L_4B
f108r.jpg,Picture_L_4B
m069l.jpg,Picture_L_4B
f029c.jpg,Picture_L_4B
m090c.jpg,Picture_L_4B
f077l.jpg,Picture_L_3A
m050c.jpg,Picture_L_3A
m036l.jpg,Picture_L_3A
m023l.jpg,Picture_L_3A
f077c.jpg,Picture_L_3A
f074c.jpg,Picture_L_3A
m035r.jpg,Picture_L_3A
m034l.jpg,Picture_L_3A
m036c.jpg,Picture_L_3A
f111r.jpg,Picture_L_3A
f057r.jpg,Picture_L_3A
f105l.jpg,Picture_L_3A
f022r.jpg,Picture_L_3A
m023c.jpg,Picture_L_3A
m062r.jpg,Picture_L_3A
f111c.jpg,Picture_L_3A
m077r.jpg,Picture_L_3A
f105c.jpg,Picture_L_3A
f006l.jpg,Picture_L_3A
f028l.jpg,Picture_L_3A
f057c.jpg,Picture_L_3A
f028c.jpg,Picture_L_3A
m001r.jpg,Picture_L_3A
m074l.jpg,Picture_L_3A
m074c.jpg,Picture_L_3A
m001c.jpg,Picture_L_3A
f022c.jpg,Picture_L_3A
m038r.jpg,Picture_L_3A
f072c.jpg,Picture_L_3A
f082r.jpg,Picture_L_3A
f082c.jpg,Picture_L_3A
m038c.jpg,Picture_L_3A
m077c.jpg,Picture_L_3A
f074r.jpg,Picture_L_3A
f072l.jpg,Picture_L_3A
m050l.jpg,Picture_L_3A
m034c.jpg,Picture_L_3A
m062c.jpg,Picture_L_3A
m035c.jpg,Picture_L_3A
f006c.jpg,Picture_L_3A
m095r.jpg,Picture_L_5B
f078l.jpg,Picture_L_5B
m070l.jpg,Picture_L_5B
m024r.jpg,Picture_L_5B
f040c.jpg,Picture_L_5B
f071c.jpg,Picture_L_5B
m048l.jpg,Picture_L_5B
m070c.jpg,Picture_L_5B
m054r.jpg,Picture_L_5B
m027c.jpg,Picture_L_5B
m054c.jpg,Picture_L_5B
m024c.jpg,Picture_L_5B
m065l.jpg,Picture_L_5B
f076c.jpg,Picture_L_5B
f066l.jpg,Picture_L_5B
f078c.jpg,Picture_L_5B
m076c.jpg,Picture_L_5B
m051l.jpg,Picture_L_5B
f102r.jpg,Picture_L_5B
m048c.jpg,Picture_L_5B
f027l.jpg,Picture_L_5B
f016r.jpg,Picture_L_5B
m065c.jpg,Picture_L_5B
f076r.jpg,Picture_L_5B
f027c.jpg,Picture_L_5B
m030c.jpg,Picture_L_5B
f016c.jpg,Picture_L_5B
f115c.jpg,Picture_L_5B
m095c.jpg,Picture_L_5B
f071r.jpg,Picture_L_5B
f040l.jpg,Picture_L_5B
f115l.jpg,Picture_L_5B
m030r.jpg,Picture_L_5B
f066c.jpg,Picture_L_5B
m027r.jpg,Picture_L_5B
m051c.jpg,Picture_L_5B
f075r.jpg,Picture_L_5B
m076l.jpg,Picture_L_5B
f075c.jpg,Picture_L_5B
f102c.jpg,Picture_L_5B
m002c.jpg,Picture_L_2A
m004l.jpg,Picture_L_2A
m021r.jpg,Picture_L_2A
m058r.jpg,Picture_L_2A
m064c.jpg,Picture_L_2A
m071c.jpg,Picture_L_2A
m071l.jpg,Picture_L_2A
m084c.jpg,Picture_L_2A
f012r.jpg,Picture_L_2A
m068c.jpg,Picture_L_2A
f085c.jpg,Picture_L_2A
f023c.jpg,Picture_L_2A
f100c.jpg,Picture_L_2A
f003c.jpg,Picture_L_2A
f051c.jpg,Picture_L_2A
m004c.jpg,Picture_L_2A
m002l.jpg,Picture_L_2A
f003l.jpg,Picture_L_2A
m086c.jpg,Picture_L_2A
f080c.jpg,Picture_L_2A
f051l.jpg,Picture_L_2A
m021c.jpg,Picture_L_2A
f089r.jpg,Picture_L_2A
m084r.jpg,Picture_L_2A
f100l.jpg,Picture_L_2A
f085r.jpg,Picture_L_2A
f023l.jpg,Picture_L_2A
f080r.jpg,Picture_L_2A
m025c.jpg,Picture_L_2A
m064l.jpg,Picture_L_2A
f068c.jpg,Picture_L_2A
f068l.jpg,Picture_L_2A
f089c.jpg,Picture_L_2A
f042c.jpg,Picture_L_2A
f012c.jpg,Picture_L_2A
f042r.jpg,Picture_L_2A
m086r.jpg,Picture_L_2A
m058c.jpg,Picture_L_2A
m025l.jpg,Picture_L_2A
m068r.jpg,Picture_L_2A
m011l.jpg,Picture_L_6B
m026c.jpg,Picture_L_6B
f049r.jpg,Picture_L_6B
m047l.jpg,Picture_L_6B
f049c.jpg,Picture_L_6B
f013c.jpg,Picture_L_6B
f052c.jpg,Picture_L_6B
m055r.jpg,Picture_L_6B
m075c.jpg,Picture_L_6B
m075l.jpg,Picture_L_6B
m055c.jpg,Picture_L_6B
f001l.jpg,Picture_L_6B
f047c.jpg,Picture_L_6B
f107c.jpg,Picture_L_6B
m063c.jpg,Picture_L_6B
f107l.jpg,Picture_L_6B
f033r.jpg,Picture_L_6B
f036c.jpg,Picture_L_6B
m041c.jpg,Picture_L_6B
m061r.jpg,Picture_L_6B
m061c.jpg,Picture_L_6B
f013r.jpg,Picture_L_6B
f001c.jpg,Picture_L_6B
f005r.jpg,Picture_L_6B
m083c.jpg,Picture_L_6B
m041l.jpg,Picture_L_6B
m047c.jpg,Picture_L_6B
m006c.jpg,Picture_L_6B
m063r.jpg,Picture_L_6B
f052l.jpg,Picture_L_6B
m011c.jpg,Picture_L_6B
f005c.jpg,Picture_L_6B
m083l.jpg,Picture_L_6B
m006r.jpg,Picture_L_6B
f047l.jpg,Picture_L_6B
f110l.jpg,Picture_L_6B
f036r.jpg,Picture_L_6B
m026r.jpg,Picture_L_6B
f033c.jpg,Picture_L_6B
f110c.jpg,Picture_L_6B
f077l.jpg,Picture_L_3A
m050c.jpg,Picture_L_3A
m036l.jpg,Picture_L_3A
m023l.jpg,Picture_L_3A
f077c.jpg,Picture_L_3A
f074c.jpg,Picture_L_3A
m035r.jpg,Picture_L_3A
m034l.jpg,Picture_L_3A
m036c.jpg,Picture_L_3A
f111r.jpg,Picture_L_3A
f057r.jpg,Picture_L_3A
f105l.jpg,Picture_L_3A
f022r.jpg,Picture_L_3A
m023c.jpg,Picture_L_3A
m062r.jpg,Picture_L_3A
f111c.jpg,Picture_L_3A
m077r.jpg,Picture_L_3A
f105c.jpg,Picture_L_3A
f006l.jpg,Picture_L_3A
f028l.jpg,Picture_L_3A
f057c.jpg,Picture_L_3A
f028c.jpg,Picture_L_3A
m001r.jpg,Picture_L_3A
m074l.jpg,Picture_L_3A
m074c.jpg,Picture_L_3A
m001c.jpg,Picture_L_3A
f022c.jpg,Picture_L_3A
m038r.jpg,Picture_L_3A
f072c.jpg,Picture_L_3A
f082r.jpg,Picture_L_3A
f082c.jpg,Picture_L_3A
m038c.jpg,Picture_L_3A
m077c.jpg,Picture_L_3A
f074r.jpg,Picture_L_3A
f072l.jpg,Picture_L_3A
m050l.jpg,Picture_L_3A
m034c.jpg,Picture_L_3A
m062c.jpg,Picture_L_3A
m035c.jpg,Picture_L_3A
f006c.jpg,Picture_L_3A
m036l.jpg,Picture_L_3B
m050l.jpg,Picture_L_3B
f022r.jpg,Picture_L_3B
f006c.jpg,Picture_L_3B
m077r.jpg,Picture_L_3B
f057r.jpg,Picture_L_3B
m034l.jpg,Picture_L_3B
m001r.jpg,Picture_L_3B
f105c.jpg,Picture_L_3B
f105l.jpg,Picture_L_3B
m036c.jpg,Picture_L_3B
m074l.jpg,Picture_L_3B
f074r.jpg,Picture_L_3B
m001c.jpg,Picture_L_3B
f082c.jpg,Picture_L_3B
f077l.jpg,Picture_L_3B
f006l.jpg,Picture_L_3B
m062r.jpg,Picture_L_3B
f022c.jpg,Picture_L_3B
f082r.jpg,Picture_L_3B
m034c.jpg,Picture_L_3B
m038c.jpg,Picture_L_3B
m077c.jpg,Picture_L_3B
f111r.jpg,Picture_L_3B
f072l.jpg,Picture_L_3B
m023c.jpg,Picture_L_3B
f074c.jpg,Picture_L_3B
f057c.jpg,Picture_L_3B
m035r.jpg,Picture_L_3B
f028l.jpg,Picture_L_3B
m050c.jpg,Picture_L_3B
f072c.jpg,Picture_L_3B
f111c.jpg,Picture_L_3B
m023l.jpg,Picture_L_3B
m062c.jpg,Picture_L_3B
f077c.jpg,Picture_L_3B
f028c.jpg,Picture_L_3B
m038r.jpg,Picture_L_3B
m074c.jpg,Picture_L_3B
m035c.jpg,Picture_L_3B
f077l.jpg,Picture_L_3A
m050c.jpg,Picture_L_3A
m036l.jpg,Picture_L_3A
m023l.jpg,Picture_L_3A
f077c.jpg,Picture_L_3A
f074c.jpg,Picture_L_3A
m035r.jpg,Picture_L_3A
m034l.jpg,Picture_L_3A
m036c.jpg,Picture_L_3A
f111r.jpg,Picture_L_3A
f057r.jpg,Picture_L_3A
f105l.jpg,Picture_L_3A
f022r.jpg,Picture_L_3A
m023c.jpg,Picture_L_3A
m062r.jpg,Picture_L_3A
f111c.jpg,Picture_L_3A
m077r.jpg,Picture_L_3A
f105c.jpg,Picture_L_3A
f006l.jpg,Picture_L_3A
f028l.jpg,Picture_L_3A
f057c.jpg,Picture_L_3A
f028c.jpg,Picture_L_3A
m001r.jpg,Picture_L_3A
m074l.jpg,Picture_L_3A
m074c.jpg,Picture_L_3A
m001c.jpg,Picture_L_3A
f022c.jpg,Picture_L_3A
m038r.jpg,Picture_L_3A
f072c.jpg,Picture_L_3A
f082r.jpg,Picture_L_3A
f082c.jpg,Picture_L_3A
m038c.jpg,Picture_L_3A
m077c.jpg,Picture_L_3A
f074r.jpg,Picture_L_3A
f072l.jpg,Picture_L_3A
m050l.jpg,Picture_L_3A
m034c.jpg,Picture_L_3A
m062c.jpg,Picture_L_3A
m035c.jpg,Picture_L_3A
f006c.jpg,Picture_L_3A
m084r.jpg,Picture_L_2B
m064c.jpg,Picture_L_2B
f085c.jpg,Picture_L_2B
f100l.jpg,Picture_L_2B
f003l.jpg,Picture_L_2B
f051c.jpg,Picture_L_2B
f100c.jpg,Picture_L_2B
f085r.jpg,Picture_L_2B
m002l.jpg,Picture_L_2B
f042r.jpg,Picture_L_2B
f023l.jpg,Picture_L_2B
m025l.jpg,Picture_L_2B
m064l.jpg,Picture_L_2B
f051l.jpg,Picture_L_2B
m086c.jpg,Picture_L_2B
f012r.jpg,Picture_L_2B
m071c.jpg,Picture_L_2B
m004c.jpg,Picture_L_2B
f080r.jpg,Picture_L_2B
m068c.jpg,Picture_L_2B
f068c.jpg,Picture_L_2B
m004l.jpg,Picture_L_2B
m025c.jpg,Picture_L_2B
m002c.jpg,Picture_L_2B
f080c.jpg,Picture_L_2B
m058r.jpg,Picture_L_2B
m021r.jpg,Picture_L_2B
f023c.jpg,Picture_L_2B
m021c.jpg,Picture_L_2B
f089r.jpg,Picture_L_2B
f089c.jpg,Picture_L_2B
m086r.jpg,Picture_L_2B
f042c.jpg,Picture_L_2B
m084c.jpg,Picture_L_2B
f003c.jpg,Picture_L_2B
m058c.jpg,Picture_L_2B
m071l.jpg,Picture_L_2B
f012c.jpg,Picture_L_2B
m068r.jpg,Picture_L_2B
f068l.jpg,Picture_L_2B
f077l.jpg,Picture_L_3A
m050c.jpg,Picture_L_3A
m036l.jpg,Picture_L_3A
m023l.jpg,Picture_L_3A
f077c.jpg,Picture_L_3A
f074c.jpg,Picture_L_3A
m035r.jpg,Picture_L_3A
m034l.jpg,Picture_L_3A
m036c.jpg,Picture_L_3A
f111r.jpg,Picture_L_3A
f057r.jpg,Picture_L_3A
f105l.jpg,Picture_L_3A
f022r.jpg,Picture_L_3A
m023c.jpg,Picture_L_3A
m062r.jpg,Picture_L_3A
f111c.jpg,Picture_L_3A
m077r.jpg,Picture_L_3A
f105c.jpg,Picture_L_3A
f006l.jpg,Picture_L_3A
f028l.jpg,Picture_L_3A
f057c.jpg,Picture_L_3A
f028c.jpg,Picture_L_3A
m001r.jpg,Picture_L_3A
m074l.jpg,Picture_L_3A
m074c.jpg,Picture_L_3A
m001c.jpg,Picture_L_3A
f022c.jpg,Picture_L_3A
m038r.jpg,Picture_L_3A
f072c.jpg,Picture_L_3A
f082r.jpg,Picture_L_3A
f082c.jpg,Picture_L_3A
m038c.jpg,Picture_L_3A
m077c.jpg,Picture_L_3A
f074r.jpg,Picture_L_3A
f072l.jpg,Picture_L_3A
m050l.jpg,Picture_L_3A
m034c.jpg,Picture_L_3A
m062c.jpg,Picture_L_3A
m035c.jpg,Picture_L_3A
f006c.jpg,Picture_L_3A
m011l.jpg,Picture_L_6B
m026c.jpg,Picture_L_6B
f049r.jpg,Picture_L_6B
m047l.jpg,Picture_L_6B
f049c.jpg,Picture_L_6B
f013c.jpg,Picture_L_6B
f052c.jpg,Picture_L_6B
m055r.jpg,Picture_L_6B
m075c.jpg,Picture_L_6B
m075l.jpg,Picture_L_6B
m055c.jpg,Picture_L_6B
f001l.jpg,Picture_L_6B
f047c.jpg,Picture_L_6B
f107c.jpg,Picture_L_6B
m063c.jpg,Picture_L_6B
f107l.jpg,Picture_L_6B
f033r.jpg,Picture_L_6B
f036c.jpg,Picture_L_6B
m041c.jpg,Picture_L_6B
m061r.jpg,Picture_L_6B
m061c.jpg,Picture_L_6B
f013r.jpg,Picture_L_6B
f001c.jpg,Picture_L_6B
f005r.jpg,Picture_L_6B
m083c.jpg,Picture_L_6B
m041l.jpg,Picture_L_6B
m047c.jpg,Picture_L_6B
m006c.jpg,Picture_L_6B
m063r.jpg,Picture_L_6B
f052l.jpg,Picture_L_6B
m011c.jpg,Picture_L_6B
f005c.jpg,Picture_L_6B
m083l.jpg,Picture_L_6B
m006r.jpg,Picture_L_6B
f047l.jpg,Picture_L_6B
f110l.jpg,Picture_L_6B
f036r.jpg,Picture_L_6B
m026r.jpg,Picture_L_6B
f033c.jpg,Picture_L_6B
f110c.jpg,Picture_L_6B
m041l.jpg,Picture_L_6A
m047l.jpg,Picture_L_6A
m061c.jpg,Picture_L_6A
m075l.jpg,Picture_L_6A
f013r.jpg,Picture_L_6A
f047c.jpg,Picture_L_6A
m075c.jpg,Picture_L_6A
m026c.jpg,Picture_L_6A
m011l.jpg,Picture_L_6A
f033c.jpg,Picture_L_6A
f036c.jpg,Picture_L_6A
f049c.jpg,Picture_L_6A
m047c.jpg,Picture_L_6A
f033r.jpg,Picture_L_6A
f013c.jpg,Picture_L_6A
m063r.jpg,Picture_L_6A
m083c.jpg,Picture_L_6A
f107l.jpg,Picture_L_6A
f036r.jpg,Picture_L_6A
f110l.jpg,Picture_L_6A
f047l.jpg,Picture_L_6A
m011c.jpg,Picture_L_6A
m006r.jpg,Picture_L_6A
f001c.jpg,Picture_L_6A
m026r.jpg,Picture_L_6A
m055c.jpg,Picture_L_6A
m083l.jpg,Picture_L_6A
f052l.jpg,Picture_L_6A
m061r.jpg,Picture_L_6A
m041c.jpg,Picture_L_6A
f110c.jpg,Picture_L_6A
f005c.jpg,Picture_L_6A
m006c.jpg,Picture_L_6A
m063c.jpg,Picture_L_6A
f107c.jpg,Picture_L_6A
f001l.jpg,Picture_L_6A
f005r.jpg,Picture_L_6A
m055r.jpg,Picture_L_6A
f049r.jpg,Picture_L_6A
f052c.jpg,Picture_L_6A
f067r.jpg,Picture_L_1A
m015l.jpg,Picture_L_1A
f011c.jpg,Picture_L_1A
m052r.jpg,Picture_L_1A
f113c.jpg,Picture_L_1A
f035r.jpg,Picture_L_1A
m087c.jpg,Picture_L_1A
f048c.jpg,Picture_L_1A
f030c.jpg,Picture_L_1A
f067c.jpg,Picture_L_1A
m029c.jpg,Picture_L_1A
m015c.jpg,Picture_L_1A
f048l.jpg,Picture_L_1A
m087r.jpg,Picture_L_1A
m049c.jpg,Picture_L_1A
f053r.jpg,Picture_L_1A
m049l.jpg,Picture_L_1A
f056c.jpg,Picture_L_1A
f030l.jpg,Picture_L_1A
f021l.jpg,Picture_L_1A
f056l.jpg,Picture_L_1A
m079r.jpg,Picture_L_1A
m089c.jpg,Picture_L_1A
m029l.jpg,Picture_L_1A
f063c.jpg,Picture_L_1A
m009c.jpg,Picture_L_1A
f053c.jpg,Picture_L_1A
m014r.jpg,Picture_L_1A
f113r.jpg,Picture_L_1A
f021c.jpg,Picture_L_1A
m009r.jpg,Picture_L_1A
m014c.jpg,Picture_L_1A
f011l.jpg,Picture_L_1A
m089l.jpg,Picture_L_1A
m079c.jpg,Picture_L_1A
m022l.jpg,Picture_L_1A
f035c.jpg,Picture_L_1A
f063r.jpg,Picture_L_1A
m022c.jpg,Picture_L_1A
m052c.jpg,Picture_L_1A
m016c.jpg,Picture_L_4B
f090c.jpg,Picture_L_4B
m091c.jpg,Picture_L_4B
f084c.jpg,Picture_L_4B
f083c.jpg,Picture_L_4B
f092l.jpg,Picture_L_4B
f099l.jpg,Picture_L_4B
m016r.jpg,Picture_L_4B
f069c.jpg,Picture_L_4B
m072c.jpg,Picture_L_4B
m028r.jpg,Picture_L_4B
m088c.jpg,Picture_L_4B
f021l.jpg,Picture_L_4B
m085c.jpg,Picture_L_4B
m067c.jpg,Picture_L_4B
m072r.jpg,Picture_L_4B
f029r.jpg,Picture_L_4B
m088l.jpg,Picture_L_4B
f065c.jpg,Picture_L_4B
f090l.jpg,Picture_L_4B
m044l.jpg,Picture_L_4B
m028c.jpg,Picture_L_4B
f021c.jpg,Picture_L_4B
m044c.jpg,Picture_L_4B
f069l.jpg,Picture_L_4B
m067r.jpg,Picture_L_4B
f108c.jpg,Picture_L_4B
f092c.jpg,Picture_L_4B
f083r.jpg,Picture_L_4B
m085l.jpg,Picture_L_4B
f099c.jpg,Picture_L_4B
m091r.jpg,Picture_L_4B
m069c.jpg,Picture_L_4B
f084r.jpg,Picture_L_4B
f065r.jpg,Picture_L_4B
m090l.jpg,Picture_L_4B
f108r.jpg,Picture_L_4B
m069l.jpg,Picture_L_4B
f029c.jpg,Picture_L_4B
m090c.jpg,Picture_L_4B
f077l.jpg,Picture_L_3A
m050c.jpg,Picture_L_3A
m036l.jpg,Picture_L_3A
m023l.jpg,Picture_L_3A
f077c.jpg,Picture_L_3A
f074c.jpg,Picture_L_3A
m035r.jpg,Picture_L_3A
m034l.jpg,Picture_L_3A
m036c.jpg,Picture_L_3A
f111r.jpg,Picture_L_3A
f057r.jpg,Picture_L_3A
f105l.jpg,Picture_L_3A
f022r.jpg,Picture_L_3A
m023c.jpg,Picture_L_3A
m062r.jpg,Picture_L_3A
f111c.jpg,Picture_L_3A
m077r.jpg,Picture_L_3A
f105c.jpg,Picture_L_3A
f006l.jpg,Picture_L_3A
f028l.jpg,Picture_L_3A
f057c.jpg,Picture_L_3A
f028c.jpg,Picture_L_3A
m001r.jpg,Picture_L_3A
m074l.jpg,Picture_L_3A
m074c.jpg,Picture_L_3A
m001c.jpg,Picture_L_3A
f022c.jpg,Picture_L_3A
m038r.jpg,Picture_L_3A
f072c.jpg,Picture_L_3A
f082r.jpg,Picture_L_3A
f082c.jpg,Picture_L_3A
m038c.jpg,Picture_L_3A
m077c.jpg,Picture_L_3A
f074r.jpg,Picture_L_3A
f072l.jpg,Picture_L_3A
m050l.jpg,Picture_L_3A
m034c.jpg,Picture_L_3A
m062c.jpg,Picture_L_3A
m035c.jpg,Picture_L_3A
f006c.jpg,Picture_L_3A
m084r.jpg,Picture_L_2B
m064c.jpg,Picture_L_2B
f085c.jpg,Picture_L_2B
f100l.jpg,Picture_L_2B
f003l.jpg,Picture_L_2B
f051c.jpg,Picture_L_2B
f100c.jpg,Picture_L_2B
f085r.jpg,Picture_L_2B
m002l.jpg,Picture_L_2B
f042r.jpg,Picture_L_2B
f023l.jpg,Picture_L_2B
m025l.jpg,Picture_L_2B
m064l.jpg,Picture_L_2B
f051l.jpg,Picture_L_2B
m086c.jpg,Picture_L_2B
f012r.jpg,Picture_L_2B
m071c.jpg,Picture_L_2B
m004c.jpg,Picture_L_2B
f080r.jpg,Picture_L_2B
m068c.jpg,Picture_L_2B
f068c.jpg,Picture_L_2B
m004l.jpg,Picture_L_2B
m025c.jpg,Picture_L_2B
m002c.jpg,Picture_L_2B
f080c.jpg,Picture_L_2B
m058r.jpg,Picture_L_2B
m021r.jpg,Picture_L_2B
f023c.jpg,Picture_L_2B
m021c.jpg,Picture_L_2B
f089r.jpg,Picture_L_2B
f089c.jpg,Picture_L_2B
m086r.jpg,Picture_L_2B
f042c.jpg,Picture_L_2B
m084c.jpg,Picture_L_2B
f003c.jpg,Picture_L_2B
m058c.jpg,Picture_L_2B
m071l.jpg,Picture_L_2B
f012c.jpg,Picture_L_2B
m068r.jpg,Picture_L_2B
f068l.jpg,Picture_L_2B
m065c.jpg,Picture_L_5A
m027r.jpg,Picture_L_5A
f071c.jpg,Picture_L_5A
m065l.jpg,Picture_L_5A
f075r.jpg,Picture_L_5A
f071r.jpg,Picture_L_5A
f040c.jpg,Picture_L_5A
f066l.jpg,Picture_L_5A
m024r.jpg,Picture_L_5A
f115c.jpg,Picture_L_5A
m054c.jpg,Picture_L_5A
m048l.jpg,Picture_L_5A
m030c.jpg,Picture_L_5A
m076l.jpg,Picture_L_5A
f102r.jpg,Picture_L_5A
m070c.jpg,Picture_L_5A
f027c.jpg,Picture_L_5A
f115l.jpg,Picture_L_5A
f027l.jpg,Picture_L_5A
m030r.jpg,Picture_L_5A
m051c.jpg,Picture_L_5A
f066c.jpg,Picture_L_5A
m095c.jpg,Picture_L_5A
f040l.jpg,Picture_L_5A
m095r.jpg,Picture_L_5A
f078l.jpg,Picture_L_5A
m048c.jpg,Picture_L_5A
f075c.jpg,Picture_L_5A
m024c.jpg,Picture_L_5A
f076r.jpg,Picture_L_5A
m051l.jpg,Picture_L_5A
m027c.jpg,Picture_L_5A
f016r.jpg,Picture_L_5A
f102c.jpg,Picture_L_5A
m070l.jpg,Picture_L_5A
f076c.jpg,Picture_L_5A
m054r.jpg,Picture_L_5A
f078c.jpg,Picture_L_5A
m076c.jpg,Picture_L_5A
f016c.jpg,Picture_L_5A
f067r.jpg,Picture_L_1A
m015l.jpg,Picture_L_1A
f011c.jpg,Picture_L_1A
m052r.jpg,Picture_L_1A
f113c.jpg,Picture_L_1A
f035r.jpg,Picture_L_1A
m087c.jpg,Picture_L_1A
f048c.jpg,Picture_L_1A
f030c.jpg,Picture_L_1A
f067c.jpg,Picture_L_1A
m029c.jpg,Picture_L_1A
m015c.jpg,Picture_L_1A
f048l.jpg,Picture_L_1A
m087r.jpg,Picture_L_1A
m049c.jpg,Picture_L_1A
f053r.jpg,Picture_L_1A
m049l.jpg,Picture_L_1A
f056c.jpg,Picture_L_1A
f030l.jpg,Picture_L_1A
f021l.jpg,Picture_L_1A
f056l.jpg,Picture_L_1A
m079r.jpg,Picture_L_1A
m089c.jpg,Picture_L_1A
m029l.jpg,Picture_L_1A
f063c.jpg,Picture_L_1A
m009c.jpg,Picture_L_1A
f053c.jpg,Picture_L_1A
m014r.jpg,Picture_L_1A
f113r.jpg,Picture_L_1A
f021c.jpg,Picture_L_1A
m009r.jpg,Picture_L_1A
m014c.jpg,Picture_L_1A
f011l.jpg,Picture_L_1A
m089l.jpg,Picture_L_1A
m079c.jpg,Picture_L_1A
m022l.jpg,Picture_L_1A
f035c.jpg,Picture_L_1A
f063r.jpg,Picture_L_1A
m022c.jpg,Picture_L_1A
m052c.jpg,Picture_L_1A
m011l.jpg,Picture_L_6B
m026c.jpg,Picture_L_6B
f049r.jpg,Picture_L_6B
m047l.jpg,Picture_L_6B
f049c.jpg,Picture_L_6B
f013c.jpg,Picture_L_6B
f052c.jpg,Picture_L_6B
m055r.jpg,Picture_L_6B
m075c.jpg,Picture_L_6B
m075l.jpg,Picture_L_6B
m055c.jpg,Picture_L_6B
f001l.jpg,Picture_L_6B
f047c.jpg,Picture_L_6B
f107c.jpg,Picture_L_6B
m063c.jpg,Picture_L_6B
f107l.jpg,Picture_L_6B
f033r.jpg,Picture_L_6B
f036c.jpg,Picture_L_6B
m041c.jpg,Picture_L_6B
m061r.jpg,Picture_L_6B
m061c.jpg,Picture_L_6B
f013r.jpg,Picture_L_6B
f001c.jpg,Picture_L_6B
f005r.jpg,Picture_L_6B
m083c.jpg,Picture_L_6B
m041l.jpg,Picture_L_6B
m047c.jpg,Picture_L_6B
m006c.jpg,Picture_L_6B
m063r.jpg,Picture_L_6B
f052l.jpg,Picture_L_6B
m011c.jpg,Picture_L_6B
f005c.jpg,Picture_L_6B
m083l.jpg,Picture_L_6B
m006r.jpg,Picture_L_6B
f047l.jpg,Picture_L_6B
f110l.jpg,Picture_L_6B
f036r.jpg,Picture_L_6B
m026r.jpg,Picture_L_6B
f033c.jpg,Picture_L_6B
f110c.jpg,Picture_L_6B
m041l.jpg,Picture_L_6A
m047l.jpg,Picture_L_6A
m061c.jpg,Picture_L_6A
m075l.jpg,Picture_L_6A
f013r.jpg,Picture_L_6A
f047c.jpg,Picture_L_6A
m075c.jpg,Picture_L_6A
m026c.jpg,Picture_L_6A
m011l.jpg,Picture_L_6A
f033c.jpg,Picture_L_6A
f036c.jpg,Picture_L_6A
f049c.jpg,Picture_L_6A
m047c.jpg,Picture_L_6A
f033r.jpg,Picture_L_6A
f013c.jpg,Picture_L_6A
m063r.jpg,Picture_L_6A
m083c.jpg,Picture_L_6A
f107l.jpg,Picture_L_6A
f036r.jpg,Picture_L_6A
f110l.jpg,Picture_L_6A
f047l.jpg,Picture_L_6A
m011c.jpg,Picture_L_6A
m006r.jpg,Picture_L_6A
f001c.jpg,Picture_L_6A
m026r.jpg,Picture_L_6A
m055c.jpg,Picture_L_6A
m083l.jpg,Picture_L_6A
f052l.jpg,Picture_L_6A
m061r.jpg,Picture_L_6A
m041c.jpg,Picture_L_6A
f110c.jpg,Picture_L_6A
f005c.jpg,Picture_L_6A
m006c.jpg,Picture_L_6A
m063c.jpg,Picture_L_6A
f107c.jpg,Picture_L_6A
f001l.jpg,Picture_L_6A
f005r.jpg,Picture_L_6A
m055r.jpg,Picture_L_6A
f049r.jpg,Picture_L_6A
f052c.jpg,Picture_L_6A
m041l.jpg,Picture_L_6A
m047l.jpg,Picture_L_6A
m061c.jpg,Picture_L_6A
m075l.jpg,Picture_L_6A
f013r.jpg,Picture_L_6A
f047c.jpg,Picture_L_6A
m075c.jpg,Picture_L_6A
m026c.jpg,Picture_L_6A
m011l.jpg,Picture_L_6A
f033c.jpg,Picture_L_6A
f036c.jpg,Picture_L_6A
f049c.jpg,Picture_L_6A
m047c.jpg,Picture_L_6A
f033r.jpg,Picture_L_6A
f013c.jpg,Picture_L_6A
m063r.jpg,Picture_L_6A
m083c.jpg,Picture_L_6A
f107l.jpg,Picture_L_6A
f036r.jpg,Picture_L_6A
f110l.jpg,Picture_L_6A
f047l.jpg,Picture_L_6A
m011c.jpg,Picture_L_6A
m006r.jpg,Picture_L_6A
f001c.jpg,Picture_L_6A
m026r.jpg,Picture_L_6A
m055c.jpg,Picture_L_6A
m083l.jpg,Picture_L_6A
f052l.jpg,Picture_L_6A
m061r.jpg,Picture_L_6A
m041c.jpg,Picture_L_6A
f110c.jpg,Picture_L_6A
f005c.jpg,Picture_L_6A
m006c.jpg,Picture_L_6A
m063c.jpg,Picture_L_6A
f107c.jpg,Picture_L_6A
f001l.jpg,Picture_L_6A
f005r.jpg,Picture_L_6A
m055r.jpg,Picture_L_6A
f049r.jpg,Picture_L_6A
f052c.jpg,Picture_L_6A
f099c.jpg,Picture_L_4A
f099l.jpg,Picture_L_4A
f092c.jpg,Picture_L_4A
m072c.jpg,Picture_L_4A
m067r.jpg,Picture_L_4A
f029c.jpg,Picture_L_4A
m067c.jpg,Picture_L_4A
f092l.jpg,Picture_L_4A
m090c.jpg,Picture_L_4A
m044c.jpg,Picture_L_4A
m085l.jpg,Picture_L_4A
m085c.jpg,Picture_L_4A
m016c.jpg,Picture_L_4A
f065r.jpg,Picture_L_4A
f029r.jpg,Picture_L_4A
f084r.jpg,Picture_L_4A
f090l.jpg,Picture_L_4A
f083r.jpg,Picture_L_4A
m091r.jpg,Picture_L_4A
m016r.jpg,Picture_L_4A
f108r.jpg,Picture_L_4A
f083c.jpg,Picture_L_4A
m090l.jpg,Picture_L_4A
m088c.jpg,Picture_L_4A
m069c.jpg,Picture_L_4A
f021l.jpg,Picture_L_4A
m088l.jpg,Picture_L_4A
f108c.jpg,Picture_L_4A
f065c.jpg,Picture_L_4A
m069l.jpg,Picture_L_4A
f021c.jpg,Picture_L_4A
f090c.jpg,Picture_L_4A
m044l.jpg,Picture_L_4A
m091c.jpg,Picture_L_4A
f069l.jpg,Picture_L_4A
f084c.jpg,Picture_L_4A
m028c.jpg,Picture_L_4A
m028r.jpg,Picture_L_4A
m072r.jpg,Picture_L_4A
f069c.jpg,Picture_L_4A
f077l.jpg,Picture_L_3A
m050c.jpg,Picture_L_3A
m036l.jpg,Picture_L_3A
m023l.jpg,Picture_L_3A
f077c.jpg,Picture_L_3A
f074c.jpg,Picture_L_3A
m035r.jpg,Picture_L_3A
m034l.jpg,Picture_L_3A
m036c.jpg,Picture_L_3A
f111r.jpg,Picture_L_3A
f057r.jpg,Picture_L_3A
f105l.jpg,Picture_L_3A
f022r.jpg,Picture_L_3A
m023c.jpg,Picture_L_3A
m062r.jpg,Picture_L_3A
f111c.jpg,Picture_L_3A
m077r.jpg,Picture_L_3A
f105c.jpg,Picture_L_3A
f006l.jpg,Picture_L_3A
f028l.jpg,Picture_L_3A
f057c.jpg,Picture_L_3A
f028c.jpg,Picture_L_3A
m001r.jpg,Picture_L_3A
m074l.jpg,Picture_L_3A
m074c.jpg,Picture_L_3A
m001c.jpg,Picture_L_3A
f022c.jpg,Picture_L_3A
m038r.jpg,Picture_L_3A
f072c.jpg,Picture_L_3A
f082r.jpg,Picture_L_3A
f082c.jpg,Picture_L_3A
m038c.jpg,Picture_L_3A
m077c.jpg,Picture_L_3A
f074r.jpg,Picture_L_3A
f072l.jpg,Picture_L_3A
m050l.jpg,Picture_L_3A
m034c.jpg,Picture_L_3A
m062c.jpg,Picture_L_3A
m035c.jpg,Picture_L_3A
f006c.jpg,Picture_L_3A
f099c.jpg,Picture_L_4A
f099l.jpg,Picture_L_4A
f092c.jpg,Picture_L_4A
m072c.jpg,Picture_L_4A
m067r.jpg,Picture_L_4A
f029c.jpg,Picture_L_4A
m067c.jpg,Picture_L_4A
f092l.jpg,Picture_L_4A
m090c.jpg,Picture_L_4A
m044c.jpg,Picture_L_4A
m085l.jpg,Picture_L_4A
m085c.jpg,Picture_L_4A
m016c.jpg,Picture_L_4A
f065r.jpg,Picture_L_4A
f029r.jpg,Picture_L_4A
f084r.jpg,Picture_L_4A
f090l.jpg,Picture_L_4A
f083r.jpg,Picture_L_4A
m091r.jpg,Picture_L_4A
m016r.jpg,Picture_L_4A
f108r.jpg,Picture_L_4A
f083c.jpg,Picture_L_4A
m090l.jpg,Picture_L_4A
m088c.jpg,Picture_L_4A
m069c.jpg,Picture_L_4A
f021l.jpg,Picture_L_4A
m088l.jpg,Picture_L_4A
f108c.jpg,Picture_L_4A
f065c.jpg,Picture_L_4A
m069l.jpg,Picture_L_4A
f021c.jpg,Picture_L_4A
f090c.jpg,Picture_L_4A
m044l.jpg,Picture_L_4A
m091c.jpg,Picture_L_4A
f069l.jpg,Picture_L_4A
f084c.jpg,Picture_L_4A
m028c.jpg,Picture_L_4A
m028r.jpg,Picture_L_4A
m072r.jpg,Picture_L_4A
f069c.jpg,Picture_L_4A
m002c.jpg,Picture_L_2A
m004l.jpg,Picture_L_2A
f012r.jpg,Picture_L_2A
m068c.jpg,Picture_L_2A
f085c.jpg,Picture_L_2A
f023c.jpg,Picture_L_2A
m021r.jpg,Picture_L_2A
f100c.jpg,Picture_L_2A
f003c.jpg,Picture_L_2A
f051c.jpg,Picture_L_2A
m004c.jpg,Picture_L_2A
m002l.jpg,Picture_L_2A
f003l.jpg,Picture_L_2A
f080c.jpg,Picture_L_2A
f051l.jpg,Picture_L_2A
m021c.jpg,Picture_L_2A
m058r.jpg,Picture_L_2A
f089r.jpg,Picture_L_2A
m084r.jpg,Picture_L_2A
f100l.jpg,Picture_L_2A
f085r.jpg,Picture_L_2A
f023l.jpg,Picture_L_2A
f080r.jpg,Picture_L_2A
m025c.jpg,Picture_L_2A
m064l.jpg,Picture_L_2A
f068c.jpg,Picture_L_2A
f068l.jpg,Picture_L_2A
f089c.jpg,Picture_L_2A
f042c.jpg,Picture_L_2A
f012c.jpg,Picture_L_2A
f042r.jpg,Picture_L_2A
m058c.jpg,Picture_L_2A
m025l.jpg,Picture_L_2A
m068r.jpg,Picture_L_2A
m064c.jpg,Picture_L_2A
m071c.jpg,Picture_L_2A
m071l.jpg,Picture_L_2A
m084c.jpg,Picture_L_2A
m086c.jpg,Picture_L_2A
m086r.jpg,Picture_L_2A
m036l.jpg,Picture_L_3B
m050l.jpg,Picture_L_3B
f022r.jpg,Picture_L_3B
f006c.jpg,Picture_L_3B
m077r.jpg,Picture_L_3B
f057r.jpg,Picture_L_3B
m034l.jpg,Picture_L_3B
m001r.jpg,Picture_L_3B
f105c.jpg,Picture_L_3B
f105l.jpg,Picture_L_3B
m036c.jpg,Picture_L_3B
m074l.jpg,Picture_L_3B
f074r.jpg,Picture_L_3B
m001c.jpg,Picture_L_3B
f082c.jpg,Picture_L_3B
f077l.jpg,Picture_L_3B
f006l.jpg,Picture_L_3B
m062r.jpg,Picture_L_3B
f022c.jpg,Picture_L_3B
f082r.jpg,Picture_L_3B
m034c.jpg,Picture_L_3B
m038c.jpg,Picture_L_3B
m077c.jpg,Picture_L_3B
f111r.jpg,Picture_L_3B
f072l.jpg,Picture_L_3B
m023c.jpg,Picture_L_3B
f074c.jpg,Picture_L_3B
f057c.jpg,Picture_L_3B
m035r.jpg,Picture_L_3B
f028l.jpg,Picture_L_3B
m050c.jpg,Picture_L_3B
f072c.jpg,Picture_L_3B
f111c.jpg,Picture_L_3B
m023l.jpg,Picture_L_3B
m062c.jpg,Picture_L_3B
f077c.jpg,Picture_L_3B
f028c.jpg,Picture_L_3B
m038r.jpg,Picture_L_3B
m074c.jpg,Picture_L_3B
m035c.jpg,Picture_L_3B
m015c.jpg,Picture_L_1B
f113c.jpg,Picture_L_1B
f067r.jpg,Picture_L_1B
f113r.jpg,Picture_L_1B
f030c.jpg,Picture_L_1B
m049c.jpg,Picture_L_1B
m009c.jpg,Picture_L_1B
f067c.jpg,Picture_L_1B
m087r.jpg,Picture_L_1B
f063r.jpg,Picture_L_1B
m049l.jpg,Picture_L_1B
m079c.jpg,Picture_L_1B
m089c.jpg,Picture_L_1B
f011c.jpg,Picture_L_1B
f035r.jpg,Picture_L_1B
f030l.jpg,Picture_L_1B
m015l.jpg,Picture_L_1B
m014c.jpg,Picture_L_1B
m029c.jpg,Picture_L_1B
f056c.jpg,Picture_L_1B
f021l.jpg,Picture_L_1B
f021c.jpg,Picture_L_1B
m052r.jpg,Picture_L_1B
m087c.jpg,Picture_L_1B
m022l.jpg,Picture_L_1B
f053r.jpg,Picture_L_1B
m079r.jpg,Picture_L_1B
m014r.jpg,Picture_L_1B
f056l.jpg,Picture_L_1B
m009r.jpg,Picture_L_1B
m089l.jpg,Picture_L_1B
f048l.jpg,Picture_L_1B
f035c.jpg,Picture_L_1B
m022c.jpg,Picture_L_1B
f053c.jpg,Picture_L_1B
f011l.jpg,Picture_L_1B
m029l.jpg,Picture_L_1B
m052c.jpg,Picture_L_1B
f063c.jpg,Picture_L_1B
f048c.jpg,Picture_L_1B
m036l.jpg,Picture_L_3B
m050l.jpg,Picture_L_3B
f022r.jpg,Picture_L_3B
f006c.jpg,Picture_L_3B
m077r.jpg,Picture_L_3B
f057r.jpg,Picture_L_3B
m034l.jpg,Picture_L_3B
m001r.jpg,Picture_L_3B
f105c.jpg,Picture_L_3B
f105l.jpg,Picture_L_3B
m036c.jpg,Picture_L_3B
m074l.jpg,Picture_L_3B
f074r.jpg,Picture_L_3B
m001c.jpg,Picture_L_3B
f082c.jpg,Picture_L_3B
f077l.jpg,Picture_L_3B
f006l.jpg,Picture_L_3B
m062r.jpg,Picture_L_3B
f022c.jpg,Picture_L_3B
f082r.jpg,Picture_L_3B
m034c.jpg,Picture_L_3B
m038c.jpg,Picture_L_3B
m077c.jpg,Picture_L_3B
f111r.jpg,Picture_L_3B
f072l.jpg,Picture_L_3B
m023c.jpg,Picture_L_3B
f074c.jpg,Picture_L_3B
f057c.jpg,Picture_L_3B
m035r.jpg,Picture_L_3B
f028l.jpg,Picture_L_3B
m050c.jpg,Picture_L_3B
f072c.jpg,Picture_L_3B
f111c.jpg,Picture_L_3B
m023l.jpg,Picture_L_3B
m062c.jpg,Picture_L_3B
f077c.jpg,Picture_L_3B
f028c.jpg,Picture_L_3B
m038r.jpg,Picture_L_3B
m074c.jpg,Picture_L_3B
m035c.jpg,Picture_L_3B
f067r.jpg,Picture_L_1A
m015l.jpg,Picture_L_1A
f011c.jpg,Picture_L_1A
m052r.jpg,Picture_L_1A
f113c.jpg,Picture_L_1A
f035r.jpg,Picture_L_1A
m087c.jpg,Picture_L_1A
f048c.jpg,Picture_L_1A
f030c.jpg,Picture_L_1A
f067c.jpg,Picture_L_1A
m029c.jpg,Picture_L_1A
m015c.jpg,Picture_L_1A
f048l.jpg,Picture_L_1A
m087r.jpg,Picture_L_1A
m049c.jpg,Picture_L_1A
f053r.jpg,Picture_L_1A
m049l.jpg,Picture_L_1A
f056c.jpg,Picture_L_1A
f030l.jpg,Picture_L_1A
f021l.jpg,Picture_L_1A
f056l.jpg,Picture_L_1A
m079r.jpg,Picture_L_1A
m089c.jpg,Picture_L_1A
m029l.jpg,Picture_L_1A
f063c.jpg,Picture_L_1A
m009c.jpg,Picture_L_1A
f053c.jpg,Picture_L_1A
m014r.jpg,Picture_L_1A
f113r.jpg,Picture_L_1A
f021c.jpg,Picture_L_1A
m009r.jpg,Picture_L_1A
m014c.jpg,Picture_L_1A
f011l.jpg,Picture_L_1A
m089l.jpg,Picture_L_1A
m079c.jpg,Picture_L_1A
m022l.jpg,Picture_L_1A
f035c.jpg,Picture_L_1A
f063r.jpg,Picture_L_1A
m022c.jpg,Picture_L_1A
m052c.jpg,Picture_L_1A
m016c.jpg,Picture_L_4B
f090c.jpg,Picture_L_4B
m091c.jpg,Picture_L_4B
f084c.jpg,Picture_L_4B
f083c.jpg,Picture_L_4B
f092l.jpg,Picture_L_4B
f099l.jpg,Picture_L_4B
m016r.jpg,Picture_L_4B
f069c.jpg,Picture_L_4B
m072c.jpg,Picture_L_4B
m028r.jpg,Picture_L_4B
m088c.jpg,Picture_L_4B
f021l.jpg,Picture_L_4B
m085c.jpg,Picture_L_4B
m067c.jpg,Picture_L_4B
m072r.jpg,Picture_L_4B
f029r.jpg,Picture_L_4B
m088l.jpg,Picture_L_4B
f065c.jpg,Picture_L_4B
f090l.jpg,Picture_L_4B
m044l.jpg,Picture_L_4B
m028c.jpg,Picture_L_4B
f021c.jpg,Picture_L_4B
m044c.jpg,Picture_L_4B
f069l.jpg,Picture_L_4B
m067r.jpg,Picture_L_4B
f108c.jpg,Picture_L_4B
f092c.jpg,Picture_L_4B
f083r.jpg,Picture_L_4B
m085l.jpg,Picture_L_4B
f099c.jpg,Picture_L_4B
m091r.jpg,Picture_L_4B
m069c.jpg,Picture_L_4B
f084r.jpg,Picture_L_4B
f065r.jpg,Picture_L_4B
m090l.jpg,Picture_L_4B
f108r.jpg,Picture_L_4B
m069l.jpg,Picture_L_4B
f029c.jpg,Picture_L_4B
m090c.jpg,Picture_L_4B
m036l.jpg,Picture_L_3B
m050l.jpg,Picture_L_3B
f022r.jpg,Picture_L_3B
f006c.jpg,Picture_L_3B
m077r.jpg,Picture_L_3B
f057r.jpg,Picture_L_3B
m034l.jpg,Picture_L_3B
m001r.jpg,Picture_L_3B
f105c.jpg,Picture_L_3B
f105l.jpg,Picture_L_3B
m036c.jpg,Picture_L_3B
m074l.jpg,Picture_L_3B
f074r.jpg,Picture_L_3B
m001c.jpg,Picture_L_3B
f082c.jpg,Picture_L_3B
f077l.jpg,Picture_L_3B
f006l.jpg,Picture_L_3B
m062r.jpg,Picture_L_3B
f022c.jpg,Picture_L_3B
f082r.jpg,Picture_L_3B
m034c.jpg,Picture_L_3B
m038c.jpg,Picture_L_3B
m077c.jpg,Picture_L_3B
f111r.jpg,Picture_L_3B
f072l.jpg,Picture_L_3B
m023c.jpg,Picture_L_3B
f074c.jpg,Picture_L_3B
f057c.jpg,Picture_L_3B
m035r.jpg,Picture_L_3B
f028l.jpg,Picture_L_3B
m050c.jpg,Picture_L_3B
f072c.jpg,Picture_L_3B
f111c.jpg,Picture_L_3B
m023l.jpg,Picture_L_3B
m062c.jpg,Picture_L_3B
f077c.jpg,Picture_L_3B
f028c.jpg,Picture_L_3B
m038r.jpg,Picture_L_3B
m074c.jpg,Picture_L_3B
m035c.jpg,Picture_L_3B
m016c.jpg,Picture_L_4B
f090c.jpg,Picture_L_4B
m091c.jpg,Picture_L_4B
f084c.jpg,Picture_L_4B
f083c.jpg,Picture_L_4B
f092l.jpg,Picture_L_4B
f099l.jpg,Picture_L_4B
m016r.jpg,Picture_L_4B
f069c.jpg,Picture_L_4B
m072c.jpg,Picture_L_4B
m028r.jpg,Picture_L_4B
m088c.jpg,Picture_L_4B
f021l.jpg,Picture_L_4B
m085c.jpg,Picture_L_4B
m067c.jpg,Picture_L_4B
m072r.jpg,Picture_L_4B
f029r.jpg,Picture_L_4B
m088l.jpg,Picture_L_4B
f065c.jpg,Picture_L_4B
f090l.jpg,Picture_L_4B
m044l.jpg,Picture_L_4B
m028c.jpg,Picture_L_4B
f021c.jpg,Picture_L_4B
m044c.jpg,Picture_L_4B
f069l.jpg,Picture_L_4B
m067r.jpg,Picture_L_4B
f108c.jpg,Picture_L_4B
f092c.jpg,Picture_L_4B
f083r.jpg,Picture_L_4B
m085l.jpg,Picture_L_4B
f099c.jpg,Picture_L_4B
m091r.jpg,Picture_L_4B
m069c.jpg,Picture_L_4B
f084r.jpg,Picture_L_4B
f065r.jpg,Picture_L_4B
m090l.jpg,Picture_L_4B
f108r.jpg,Picture_L_4B
m069l.jpg,Picture_L_4B
f029c.jpg,Picture_L_4B
m090c.jpg,Picture_L_4B
m095r.jpg,Picture_L_5B
f078l.jpg,Picture_L_5B
m070l.jpg,Picture_L_5B
m024r.jpg,Picture_L_5B
f040c.jpg,Picture_L_5B
f071c.jpg,Picture_L_5B
m048l.jpg,Picture_L_5B
m070c.jpg,Picture_L_5B
m054r.jpg,Picture_L_5B
m027c.jpg,Picture_L_5B
m054c.jpg,Picture_L_5B
m024c.jpg,Picture_L_5B
m065l.jpg,Picture_L_5B
f076c.jpg,Picture_L_5B
f066l.jpg,Picture_L_5B
f078c.jpg,Picture_L_5B
m076c.jpg,Picture_L_5B
m051l.jpg,Picture_L_5B
f102r.jpg,Picture_L_5B
m048c.jpg,Picture_L_5B
f027l.jpg,Picture_L_5B
f016r.jpg,Picture_L_5B
m065c.jpg,Picture_L_5B
f076r.jpg,Picture_L_5B
f027c.jpg,Picture_L_5B
m030c.jpg,Picture_L_5B
f016c.jpg,Picture_L_5B
f115c.jpg,Picture_L_5B
m095c.jpg,Picture_L_5B
f071r.jpg,Picture_L_5B
f040l.jpg,Picture_L_5B
f115l.jpg,Picture_L_5B
m030r.jpg,Picture_L_5B
f066c.jpg,Picture_L_5B
m027r.jpg,Picture_L_5B
m051c.jpg,Picture_L_5B
f075r.jpg,Picture_L_5B
m076l.jpg,Picture_L_5B
f075c.jpg,Picture_L_5B
f102c.jpg,Picture_L_5B
m015c.jpg,Picture_L_1B
f113c.jpg,Picture_L_1B
f067r.jpg,Picture_L_1B
f113r.jpg,Picture_L_1B
f030c.jpg,Picture_L_1B
m049c.jpg,Picture_L_1B
m009c.jpg,Picture_L_1B
f067c.jpg,Picture_L_1B
m087r.jpg,Picture_L_1B
f063r.jpg,Picture_L_1B
m049l.jpg,Picture_L_1B
m079c.jpg,Picture_L_1B
m089c.jpg,Picture_L_1B
f011c.jpg,Picture_L_1B
f035r.jpg,Picture_L_1B
f030l.jpg,Picture_L_1B
m015l.jpg,Picture_L_1B
m014c.jpg,Picture_L_1B
m029c.jpg,Picture_L_1B
f056c.jpg,Picture_L_1B
f021l.jpg,Picture_L_1B
f021c.jpg,Picture_L_1B
m052r.jpg,Picture_L_1B
m087c.jpg,Picture_L_1B
m022l.jpg,Picture_L_1B
f053r.jpg,Picture_L_1B
m079r.jpg,Picture_L_1B
m014r.jpg,Picture_L_1B
f056l.jpg,Picture_L_1B
m009r.jpg,Picture_L_1B
m089l.jpg,Picture_L_1B
f048l.jpg,Picture_L_1B
f035c.jpg,Picture_L_1B
m022c.jpg,Picture_L_1B
f053c.jpg,Picture_L_1B
f011l.jpg,Picture_L_1B
m029l.jpg,Picture_L_1B
m052c.jpg,Picture_L_1B
f063c.jpg,Picture_L_1B
f048c.jpg,Picture_L_1B
m041l.jpg,Picture_L_6A
m047l.jpg,Picture_L_6A
m061c.jpg,Picture_L_6A
m075l.jpg,Picture_L_6A
f013r.jpg,Picture_L_6A
f047c.jpg,Picture_L_6A
m075c.jpg,Picture_L_6A
m026c.jpg,Picture_L_6A
m011l.jpg,Picture_L_6A
f033c.jpg,Picture_L_6A
f036c.jpg,Picture_L_6A
f049c.jpg,Picture_L_6A
m047c.jpg,Picture_L_6A
f033r.jpg,Picture_L_6A
f013c.jpg,Picture_L_6A
m063r.jpg,Picture_L_6A
m083c.jpg,Picture_L_6A
f107l.jpg,Picture_L_6A
f036r.jpg,Picture_L_6A
f110l.jpg,Picture_L_6A
f047l.jpg,Picture_L_6A
m011c.jpg,Picture_L_6A
m006r.jpg,Picture_L_6A
f001c.jpg,Picture_L_6A
m026r.jpg,Picture_L_6A
m055c.jpg,Picture_L_6A
m083l.jpg,Picture_L_6A
f052l.jpg,Picture_L_6A
m061r.jpg,Picture_L_6A
m041c.jpg,Picture_L_6A
f110c.jpg,Picture_L_6A
f005c.jpg,Picture_L_6A
m006c.jpg,Picture_L_6A
m063c.jpg,Picture_L_6A
f107c.jpg,Picture_L_6A
f001l.jpg,Picture_L_6A
f005r.jpg,Picture_L_6A
m055r.jpg,Picture_L_6A
f049r.jpg,Picture_L_6A
f052c.jpg,Picture_L_6A
m016c.jpg,Picture_L_4B
f090c.jpg,Picture_L_4B
m091c.jpg,Picture_L_4B
f084c.jpg,Picture_L_4B
f083c.jpg,Picture_L_4B
f092l.jpg,Picture_L_4B
f099l.jpg,Picture_L_4B
m016r.jpg,Picture_L_4B
f069c.jpg,Picture_L_4B
m072c.jpg,Picture_L_4B
m028r.jpg,Picture_L_4B
m088c.jpg,Picture_L_4B
f021l.jpg,Picture_L_4B
m085c.jpg,Picture_L_4B
m067c.jpg,Picture_L_4B
m072r.jpg,Picture_L_4B
f029r.jpg,Picture_L_4B
m088l.jpg,Picture_L_4B
f065c.jpg,Picture_L_4B
f090l.jpg,Picture_L_4B
m044l.jpg,Picture_L_4B
m028c.jpg,Picture_L_4B
f021c.jpg,Picture_L_4B
m044c.jpg,Picture_L_4B
f069l.jpg,Picture_L_4B
m067r.jpg,Picture_L_4B
f108c.jpg,Picture_L_4B
f092c.jpg,Picture_L_4B
f083r.jpg,Picture_L_4B
m085l.jpg,Picture_L_4B
f099c.jpg,Picture_L_4B
m091r.jpg,Picture_L_4B
m069c.jpg,Picture_L_4B
f084r.jpg,Picture_L_4B
f065r.jpg,Picture_L_4B
m090l.jpg,Picture_L_4B
f108r.jpg,Picture_L_4B
m069l.jpg,Picture_L_4B
f029c.jpg,Picture_L_4B
m090c.jpg,Picture_L_4B
f067r.jpg,Picture_L_1A
m015l.jpg,Picture_L_1A
f011c.jpg,Picture_L_1A
m052r.jpg,Picture_L_1A
f113c.jpg,Picture_L_1A
f035r.jpg,Picture_L_1A
m087c.jpg,Picture_L_1A
f048c.jpg,Picture_L_1A
f030c.jpg,Picture_L_1A
f067c.jpg,Picture_L_1A
m029c.jpg,Picture_L_1A
m015c.jpg,Picture_L_1A
f048l.jpg,Picture_L_1A
m087r.jpg,Picture_L_1A
m049c.jpg,Picture_L_1A
f053r.jpg,Picture_L_1A
m049l.jpg,Picture_L_1A
f056c.jpg,Picture_L_1A
f030l.jpg,Picture_L_1A
f021l.jpg,Picture_L_1A
f056l.jpg,Picture_L_1A
m079r.jpg,Picture_L_1A
m089c.jpg,Picture_L_1A
m029l.jpg,Picture_L_1A
f063c.jpg,Picture_L_1A
m009c.jpg,Picture_L_1A
f053c.jpg,Picture_L_1A
m014r.jpg,Picture_L_1A
f113r.jpg,Picture_L_1A
f021c.jpg,Picture_L_1A
m009r.jpg,Picture_L_1A
m014c.jpg,Picture_L_1A
f011l.jpg,Picture_L_1A
m089l.jpg,Picture_L_1A
m079c.jpg,Picture_L_1A
m022l.jpg,Picture_L_1A
f035c.jpg,Picture_L_1A
f063r.jpg,Picture_L_1A
m022c.jpg,Picture_L_1A
m052c.jpg,Picture_L_1A
m041l.jpg,Picture_L_6A
m047l.jpg,Picture_L_6A
m061c.jpg,Picture_L_6A
m075l.jpg,Picture_L_6A
f013r.jpg,Picture_L_6A
f047c.jpg,Picture_L_6A
m075c.jpg,Picture_L_6A
m026c.jpg,Picture_L_6A
m011l.jpg,Picture_L_6A
f033c.jpg,Picture_L_6A
f036c.jpg,Picture_L_6A
f049c.jpg,Picture_L_6A
m047c.jpg,Picture_L_6A
f033r.jpg,Picture_L_6A
f013c.jpg,Picture_L_6A
m063r.jpg,Picture_L_6A
m083c.jpg,Picture_L_6A
f107l.jpg,Picture_L_6A
f036r.jpg,Picture_L_6A
f110l.jpg,Picture_L_6A
f047l.jpg,Picture_L_6A
m011c.jpg,Picture_L_6A
m006r.jpg,Picture_L_6A
f001c.jpg,Picture_L_6A
m026r.jpg,Picture_L_6A
m055c.jpg,Picture_L_6A
m083l.jpg,Picture_L_6A
f052l.jpg,Picture_L_6A
m061r.jpg,Picture_L_6A
m041c.jpg,Picture_L_6A
f110c.jpg,Picture_L_6A
f005c.jpg,Picture_L_6A
m006c.jpg,Picture_L_6A
m063c.jpg,Picture_L_6A
f107c.jpg,Picture_L_6A
f001l.jpg,Picture_L_6A
f005r.jpg,Picture_L_6A
m055r.jpg,Picture_L_6A
f049r.jpg,Picture_L_6A
f052c.jpg,Picture_L_6A
m016c.jpg,Picture_L_4B
f090c.jpg,Picture_L_4B
m091c.jpg,Picture_L_4B
f084c.jpg,Picture_L_4B
f083c.jpg,Picture_L_4B
f092l.jpg,Picture_L_4B
f099l.jpg,Picture_L_4B
m016r.jpg,Picture_L_4B
f069c.jpg,Picture_L_4B
m072c.jpg,Picture_L_4B
m028r.jpg,Picture_L_4B
m088c.jpg,Picture_L_4B
f021l.jpg,Picture_L_4B
m085c.jpg,Picture_L_4B
m067c.jpg,Picture_L_4B
m072r.jpg,Picture_L_4B
f029r.jpg,Picture_L_4B
m088l.jpg,Picture_L_4B
f065c.jpg,Picture_L_4B
f090l.jpg,Picture_L_4B
m044l.jpg,Picture_L_4B
m028c.jpg,Picture_L_4B
f021c.jpg,Picture_L_4B
m044c.jpg,Picture_L_4B
f069l.jpg,Picture_L_4B
m067r.jpg,Picture_L_4B
f108c.jpg,Picture_L_4B
f092c.jpg,Picture_L_4B
f083r.jpg,Picture_L_4B
m085l.jpg,Picture_L_4B
f099c.jpg,Picture_L_4B
m091r.jpg,Picture_L_4B
m069c.jpg,Picture_L_4B
f084r.jpg,Picture_L_4B
f065r.jpg,Picture_L_4B
m090l.jpg,Picture_L_4B
f108r.jpg,Picture_L_4B
m069l.jpg,Picture_L_4B
f029c.jpg,Picture_L_4B
m090c.jpg,Picture_L_4B
m015c.jpg,Picture_L_1B
f113c.jpg,Picture_L_1B
f067r.jpg,Picture_L_1B
f113r.jpg,Picture_L_1B
f030c.jpg,Picture_L_1B
m049c.jpg,Picture_L_1B
m009c.jpg,Picture_L_1B
f067c.jpg,Picture_L_1B
m087r.jpg,Picture_L_1B
f063r.jpg,Picture_L_1B
m049l.jpg,Picture_L_1B
m079c.jpg,Picture_L_1B
m089c.jpg,Picture_L_1B
f011c.jpg,Picture_L_1B
f035r.jpg,Picture_L_1B
f030l.jpg,Picture_L_1B
m015l.jpg,Picture_L_1B
m014c.jpg,Picture_L_1B
m029c.jpg,Picture_L_1B
f056c.jpg,Picture_L_1B
f021l.jpg,Picture_L_1B
f021c.jpg,Picture_L_1B
m052r.jpg,Picture_L_1B
m087c.jpg,Picture_L_1B
m022l.jpg,Picture_L_1B
f053r.jpg,Picture_L_1B
m079r.jpg,Picture_L_1B
m014r.jpg,Picture_L_1B
f056l.jpg,Picture_L_1B
m009r.jpg,Picture_L_1B
m089l.jpg,Picture_L_1B
f048l.jpg,Picture_L_1B
f035c.jpg,Picture_L_1B
m022c.jpg,Picture_L_1B
f053c.jpg,Picture_L_1B
f011l.jpg,Picture_L_1B
m029l.jpg,Picture_L_1B
m052c.jpg,Picture_L_1B
f063c.jpg,Picture_L_1B
f048c.jpg,Picture_L_1B
f067r.jpg,Picture_L_1A
m015l.jpg,Picture_L_1A
f011c.jpg,Picture_L_1A
m052r.jpg,Picture_L_1A
f113c.jpg,Picture_L_1A
f035r.jpg,Picture_L_1A
m087c.jpg,Picture_L_1A
f048c.jpg,Picture_L_1A
f030c.jpg,Picture_L_1A
f067c.jpg,Picture_L_1A
m029c.jpg,Picture_L_1A
m015c.jpg,Picture_L_1A
f048l.jpg,Picture_L_1A
m087r.jpg,Picture_L_1A
m049c.jpg,Picture_L_1A
f053r.jpg,Picture_L_1A
m049l.jpg,Picture_L_1A
f056c.jpg,Picture_L_1A
f030l.jpg,Picture_L_1A
f021l.jpg,Picture_L_1A
f056l.jpg,Picture_L_1A
m079r.jpg,Picture_L_1A
m089c.jpg,Picture_L_1A
m029l.jpg,Picture_L_1A
f063c.jpg,Picture_L_1A
m009c.jpg,Picture_L_1A
f053c.jpg,Picture_L_1A
m014r.jpg,Picture_L_1A
f113r.jpg,Picture_L_1A
f021c.jpg,Picture_L_1A
m009r.jpg,Picture_L_1A
m014c.jpg,Picture_L_1A
f011l.jpg,Picture_L_1A
m089l.jpg,Picture_L_1A
m079c.jpg,Picture_L_1A
m022l.jpg,Picture_L_1A
f035c.jpg,Picture_L_1A
f063r.jpg,Picture_L_1A
m022c.jpg,Picture_L_1A
m052c.jpg,Picture_L_1A
m065c.jpg,Picture_L_5A
m027r.jpg,Picture_L_5A
f071c.jpg,Picture_L_5A
m065l.jpg,Picture_L_5A
f075r.jpg,Picture_L_5A
f071r.jpg,Picture_L_5A
f040c.jpg,Picture_L_5A
f066l.jpg,Picture_L_5A
m024r.jpg,Picture_L_5A
f115c.jpg,Picture_L_5A
m054c.jpg,Picture_L_5A
m048l.jpg,Picture_L_5A
m030c.jpg,Picture_L_5A
m076l.jpg,Picture_L_5A
f102r.jpg,Picture_L_5A
m070c.jpg,Picture_L_5A
f027c.jpg,Picture_L_5A
f115l.jpg,Picture_L_5A
f027l.jpg,Picture_L_5A
m030r.jpg,Picture_L_5A
m051c.jpg,Picture_L_5A
f066c.jpg,Picture_L_5A
m095c.jpg,Picture_L_5A
f040l.jpg,Picture_L_5A
m095r.jpg,Picture_L_5A
f078l.jpg,Picture_L_5A
m048c.jpg,Picture_L_5A
f075c.jpg,Picture_L_5A
m024c.jpg,Picture_L_5A
f076r.jpg,Picture_L_5A
m051l.jpg,Picture_L_5A
m027c.jpg,Picture_L_5A
f016r.jpg,Picture_L_5A
f102c.jpg,Picture_L_5A
m070l.jpg,Picture_L_5A
f076c.jpg,Picture_L_5A
m054r.jpg,Picture_L_5A
f078c.jpg,Picture_L_5A
m076c.jpg,Picture_L_5A
f016c.jpg,Picture_L_5A
m016c.jpg,Picture_L_4B
f090c.jpg,Picture_L_4B
m091c.jpg,Picture_L_4B
f084c.jpg,Picture_L_4B
f083c.jpg,Picture_L_4B
f092l.jpg,Picture_L_4B
f099l.jpg,Picture_L_4B
m016r.jpg,Picture_L_4B
f069c.jpg,Picture_L_4B
m072c.jpg,Picture_L_4B
m028r.jpg,Picture_L_4B
m088c.jpg,Picture_L_4B
f021l.jpg,Picture_L_4B
m085c.jpg,Picture_L_4B
m067c.jpg,Picture_L_4B
m072r.jpg,Picture_L_4B
f029r.jpg,Picture_L_4B
m088l.jpg,Picture_L_4B
f065c.jpg,Picture_L_4B
f090l.jpg,Picture_L_4B
m044l.jpg,Picture_L_4B
m028c.jpg,Picture_L_4B
f021c.jpg,Picture_L_4B
m044c.jpg,Picture_L_4B
f069l.jpg,Picture_L_4B
m067r.jpg,Picture_L_4B
f108c.jpg,Picture_L_4B
f092c.jpg,Picture_L_4B
f083r.jpg,Picture_L_4B
m085l.jpg,Picture_L_4B
f099c.jpg,Picture_L_4B
m091r.jpg,Picture_L_4B
m069c.jpg,Picture_L_4B
f084r.jpg,Picture_L_4B
f065r.jpg,Picture_L_4B
m090l.jpg,Picture_L_4B
f108r.jpg,Picture_L_4B
m069l.jpg,Picture_L_4B
f029c.jpg,Picture_L_4B
m090c.jpg,Picture_L_4B
f012r.jpg,Picture_L_2A
m021r.jpg,Picture_L_2A
m068c.jpg,Picture_L_2A
f085c.jpg,Picture_L_2A
f023c.jpg,Picture_L_2A
m084c.jpg,Picture_L_2A
f100c.jpg,Picture_L_2A
m071c.jpg,Picture_L_2A
m071l.jpg,Picture_L_2A
f003c.jpg,Picture_L_2A
f051c.jpg,Picture_L_2A
m004c.jpg,Picture_L_2A
m002l.jpg,Picture_L_2A
f003l.jpg,Picture_L_2A
m086r.jpg,Picture_L_2A
f080c.jpg,Picture_L_2A
m004l.jpg,Picture_L_2A
f051l.jpg,Picture_L_2A
m021c.jpg,Picture_L_2A
m002c.jpg,Picture_L_2A
f089r.jpg,Picture_L_2A
m084r.jpg,Picture_L_2A
f100l.jpg,Picture_L_2A
f085r.jpg,Picture_L_2A
f023l.jpg,Picture_L_2A
f080r.jpg,Picture_L_2A
m025c.jpg,Picture_L_2A
m064l.jpg,Picture_L_2A
f068c.jpg,Picture_L_2A
f068l.jpg,Picture_L_2A
f089c.jpg,Picture_L_2A
f042c.jpg,Picture_L_2A
f012c.jpg,Picture_L_2A
m086c.jpg,Picture_L_2A
m064c.jpg,Picture_L_2A
f042r.jpg,Picture_L_2A
m058r.jpg,Picture_L_2A
m058c.jpg,Picture_L_2A
m025l.jpg,Picture_L_2A
m068r.jpg,Picture_L_2A
m036l.jpg,Picture_L_3B
m050l.jpg,Picture_L_3B
f022r.jpg,Picture_L_3B
f006c.jpg,Picture_L_3B
m077r.jpg,Picture_L_3B
f057r.jpg,Picture_L_3B
m034l.jpg,Picture_L_3B
m001r.jpg,Picture_L_3B
f105c.jpg,Picture_L_3B
f105l.jpg,Picture_L_3B
m036c.jpg,Picture_L_3B
m074l.jpg,Picture_L_3B
f074r.jpg,Picture_L_3B
m001c.jpg,Picture_L_3B
f082c.jpg,Picture_L_3B
f077l.jpg,Picture_L_3B
f006l.jpg,Picture_L_3B
m062r.jpg,Picture_L_3B
f022c.jpg,Picture_L_3B
f082r.jpg,Picture_L_3B
m034c.jpg,Picture_L_3B
m038c.jpg,Picture_L_3B
m077c.jpg,Picture_L_3B
f111r.jpg,Picture_L_3B
f072l.jpg,Picture_L_3B
m023c.jpg,Picture_L_3B
f074c.jpg,Picture_L_3B
f057c.jpg,Picture_L_3B
m035r.jpg,Picture_L_3B
f028l.jpg,Picture_L_3B
m050c.jpg,Picture_L_3B
f072c.jpg,Picture_L_3B
f111c.jpg,Picture_L_3B
m023l.jpg,Picture_L_3B
m062c.jpg,Picture_L_3B
f077c.jpg,Picture_L_3B
f028c.jpg,Picture_L_3B
m038r.jpg,Picture_L_3B
m074c.jpg,Picture_L_3B
m035c.jpg,Picture_L_3B
m065c.jpg,Picture_L_5A
m027r.jpg,Picture_L_5A
f071c.jpg,Picture_L_5A
m065l.jpg,Picture_L_5A
f075r.jpg,Picture_L_5A
f071r.jpg,Picture_L_5A
f040c.jpg,Picture_L_5A
f066l.jpg,Picture_L_5A
m024r.jpg,Picture_L_5A
f115c.jpg,Picture_L_5A
m054c.jpg,Picture_L_5A
m048l.jpg,Picture_L_5A
m030c.jpg,Picture_L_5A
m076l.jpg,Picture_L_5A
f102r.jpg,Picture_L_5A
m070c.jpg,Picture_L_5A
f027c.jpg,Picture_L_5A
f115l.jpg,Picture_L_5A
f027l.jpg,Picture_L_5A
m030r.jpg,Picture_L_5A
m051c.jpg,Picture_L_5A
f066c.jpg,Picture_L_5A
m095c.jpg,Picture_L_5A
f040l.jpg,Picture_L_5A
m095r.jpg,Picture_L_5A
f078l.jpg,Picture_L_5A
m048c.jpg,Picture_L_5A
f075c.jpg,Picture_L_5A
m024c.jpg,Picture_L_5A
f076r.jpg,Picture_L_5A
m051l.jpg,Picture_L_5A
m027c.jpg,Picture_L_5A
f016r.jpg,Picture_L_5A
f102c.jpg,Picture_L_5A
m070l.jpg,Picture_L_5A
f076c.jpg,Picture_L_5A
m054r.jpg,Picture_L_5A
f078c.jpg,Picture_L_5A
m076c.jpg,Picture_L_5A
f016c.jpg,Picture_L_5A
m065c.jpg,Picture_L_5A
m027r.jpg,Picture_L_5A
f071c.jpg,Picture_L_5A
m065l.jpg,Picture_L_5A
f075r.jpg,Picture_L_5A
f071r.jpg,Picture_L_5A
f040c.jpg,Picture_L_5A
f066l.jpg,Picture_L_5A
m024r.jpg,Picture_L_5A
f115c.jpg,Picture_L_5A
m054c.jpg,Picture_L_5A
m048l.jpg,Picture_L_5A
m030c.jpg,Picture_L_5A
m076l.jpg,Picture_L_5A
f102r.jpg,Picture_L_5A
m070c.jpg,Picture_L_5A
f027c.jpg,Picture_L_5A
f115l.jpg,Picture_L_5A
f027l.jpg,Picture_L_5A
m030r.jpg,Picture_L_5A
m051c.jpg,Picture_L_5A
f066c.jpg,Picture_L_5A
m095c.jpg,Picture_L_5A
f040l.jpg,Picture_L_5A
m095r.jpg,Picture_L_5A
f078l.jpg,Picture_L_5A
m048c.jpg,Picture_L_5A
f075c.jpg,Picture_L_5A
m024c.jpg,Picture_L_5A
f076r.jpg,Picture_L_5A
m051l.jpg,Picture_L_5A
m027c.jpg,Picture_L_5A
f016r.jpg,Picture_L_5A
f102c.jpg,Picture_L_5A
m070l.jpg,Picture_L_5A
f076c.jpg,Picture_L_5A
m054r.jpg,Picture_L_5A
f078c.jpg,Picture_L_5A
m076c.jpg,Picture_L_5A
f016c.jpg,Picture_L_5A
m084r.jpg,Picture_L_2B
m064c.jpg,Picture_L_2B
f085c.jpg,Picture_L_2B
f100l.jpg,Picture_L_2B
f003l.jpg,Picture_L_2B
f051c.jpg,Picture_L_2B
f100c.jpg,Picture_L_2B
f085r.jpg,Picture_L_2B
m002l.jpg,Picture_L_2B
f042r.jpg,Picture_L_2B
f023l.jpg,Picture_L_2B
m025l.jpg,Picture_L_2B
m064l.jpg,Picture_L_2B
f051l.jpg,Picture_L_2B
m086c.jpg,Picture_L_2B
f012r.jpg,Picture_L_2B
m071c.jpg,Picture_L_2B
m004c.jpg,Picture_L_2B
f080r.jpg,Picture_L_2B
m068c.jpg,Picture_L_2B
f068c.jpg,Picture_L_2B
m004l.jpg,Picture_L_2B
m025c.jpg,Picture_L_2B
m002c.jpg,Picture_L_2B
f080c.jpg,Picture_L_2B
m058r.jpg,Picture_L_2B
m021r.jpg,Picture_L_2B
f023c.jpg,Picture_L_2B
m021c.jpg,Picture_L_2B
f089r.jpg,Picture_L_2B
f089c.jpg,Picture_L_2B
m086r.jpg,Picture_L_2B
f042c.jpg,Picture_L_2B
m084c.jpg,Picture_L_2B
f003c.jpg,Picture_L_2B
m058c.jpg,Picture_L_2B
m071l.jpg,Picture_L_2B
f012c.jpg,Picture_L_2B
m068r.jpg,Picture_L_2B
f068l.jpg,Picture_L_2B
m041l.jpg,Picture_L_6A
m047l.jpg,Picture_L_6A
m061c.jpg,Picture_L_6A
m075l.jpg,Picture_L_6A
f013r.jpg,Picture_L_6A
f047c.jpg,Picture_L_6A
m075c.jpg,Picture_L_6A
m026c.jpg,Picture_L_6A
m011l.jpg,Picture_L_6A
f033c.jpg,Picture_L_6A
f036c.jpg,Picture_L_6A
f049c.jpg,Picture_L_6A
m047c.jpg,Picture_L_6A
f033r.jpg,Picture_L_6A
f013c.jpg,Picture_L_6A
m063r.jpg,Picture_L_6A
m083c.jpg,Picture_L_6A
f107l.jpg,Picture_L_6A
f036r.jpg,Picture_L_6A
f110l.jpg,Picture_L_6A
f047l.jpg,Picture_L_6A
m011c.jpg,Picture_L_6A
m006r.jpg,Picture_L_6A
f001c.jpg,Picture_L_6A
m026r.jpg,Picture_L_6A
m055c.jpg,Picture_L_6A
m083l.jpg,Picture_L_6A
f052l.jpg,Picture_L_6A
m061r.jpg,Picture_L_6A
m041c.jpg,Picture_L_6A
f110c.jpg,Picture_L_6A
f005c.jpg,Picture_L_6A
m006c.jpg,Picture_L_6A
m063c.jpg,Picture_L_6A
f107c.jpg,Picture_L_6A
f001l.jpg,Picture_L_6A
f005r.jpg,Picture_L_6A
m055r.jpg,Picture_L_6A
f049r.jpg,Picture_L_6A
f052c.jpg,Picture_L_6A
m036l.jpg,Picture_L_3B
m050l.jpg,Picture_L_3B
f022r.jpg,Picture_L_3B
f006c.jpg,Picture_L_3B
m077r.jpg,Picture_L_3B
f057r.jpg,Picture_L_3B
m034l.jpg,Picture_L_3B
m001r.jpg,Picture_L_3B
f105c.jpg,Picture_L_3B
f105l.jpg,Picture_L_3B
m036c.jpg,Picture_L_3B
m074l.jpg,Picture_L_3B
f074r.jpg,Picture_L_3B
m001c.jpg,Picture_L_3B
f082c.jpg,Picture_L_3B
f077l.jpg,Picture_L_3B
f006l.jpg,Picture_L_3B
m062r.jpg,Picture_L_3B
f022c.jpg,Picture_L_3B
f082r.jpg,Picture_L_3B
m034c.jpg,Picture_L_3B
m038c.jpg,Picture_L_3B
m077c.jpg,Picture_L_3B
f111r.jpg,Picture_L_3B
f072l.jpg,Picture_L_3B
m023c.jpg,Picture_L_3B
f074c.jpg,Picture_L_3B
f057c.jpg,Picture_L_3B
m035r.jpg,Picture_L_3B
f028l.jpg,Picture_L_3B
m050c.jpg,Picture_L_3B
f072c.jpg,Picture_L_3B
f111c.jpg,Picture_L_3B
m023l.jpg,Picture_L_3B
m062c.jpg,Picture_L_3B
f077c.jpg,Picture_L_3B
f028c.jpg,Picture_L_3B
m038r.jpg,Picture_L_3B
m074c.jpg,Picture_L_3B
m035c.jpg,Picture_L_3B
m041l.jpg,Picture_L_6A
m047l.jpg,Picture_L_6A
m061c.jpg,Picture_L_6A
m075l.jpg,Picture_L_6A
f013r.jpg,Picture_L_6A
f047c.jpg,Picture_L_6A
m075c.jpg,Picture_L_6A
m026c.jpg,Picture_L_6A
m011l.jpg,Picture_L_6A
f033c.jpg,Picture_L_6A
f036c.jpg,Picture_L_6A
f049c.jpg,Picture_L_6A
m047c.jpg,Picture_L_6A
f033r.jpg,Picture_L_6A
f013c.jpg,Picture_L_6A
m063r.jpg,Picture_L_6A
m083c.jpg,Picture_L_6A
f107l.jpg,Picture_L_6A
f036r.jpg,Picture_L_6A
f110l.jpg,Picture_L_6A
f047l.jpg,Picture_L_6A
m011c.jpg,Picture_L_6A
m006r.jpg,Picture_L_6A
f001c.jpg,Picture_L_6A
m026r.jpg,Picture_L_6A
m055c.jpg,Picture_L_6A
m083l.jpg,Picture_L_6A
f052l.jpg,Picture_L_6A
m061r.jpg,Picture_L_6A
m041c.jpg,Picture_L_6A
f110c.jpg,Picture_L_6A
f005c.jpg,Picture_L_6A
m006c.jpg,Picture_L_6A
m063c.jpg,Picture_L_6A
f107c.jpg,Picture_L_6A
f001l.jpg,Picture_L_6A
f005r.jpg,Picture_L_6A
m055r.jpg,Picture_L_6A
f049r.jpg,Picture_L_6A
f052c.jpg,Picture_L_6A
f077l.jpg,Picture_L_3A
m050c.jpg,Picture_L_3A
m036l.jpg,Picture_L_3A
m023l.jpg,Picture_L_3A
f077c.jpg,Picture_L_3A
f074c.jpg,Picture_L_3A
m035r.jpg,Picture_L_3A
m034l.jpg,Picture_L_3A
m036c.jpg,Picture_L_3A
f111r.jpg,Picture_L_3A
f057r.jpg,Picture_L_3A
f105l.jpg,Picture_L_3A
f022r.jpg,Picture_L_3A
m023c.jpg,Picture_L_3A
m062r.jpg,Picture_L_3A
f111c.jpg,Picture_L_3A
m077r.jpg,Picture_L_3A
f105c.jpg,Picture_L_3A
f006l.jpg,Picture_L_3A
f028l.jpg,Picture_L_3A
f057c.jpg,Picture_L_3A
f028c.jpg,Picture_L_3A
m001r.jpg,Picture_L_3A
m074l.jpg,Picture_L_3A
m074c.jpg,Picture_L_3A
m001c.jpg,Picture_L_3A
f022c.jpg,Picture_L_3A
m038r.jpg,Picture_L_3A
f072c.jpg,Picture_L_3A
f082r.jpg,Picture_L_3A
f082c.jpg,Picture_L_3A
m038c.jpg,Picture_L_3A
m077c.jpg,Picture_L_3A
f074r.jpg,Picture_L_3A
f072l.jpg,Picture_L_3A
m050l.jpg,Picture_L_3A
m034c.jpg,Picture_L_3A
m062c.jpg,Picture_L_3A
m035c.jpg,Picture_L_3A
f006c.jpg,Picture_L_3A
m084r.jpg,Picture_L_2B
m064c.jpg,Picture_L_2B
f085c.jpg,Picture_L_2B
f100l.jpg,Picture_L_2B
f003l.jpg,Picture_L_2B
f051c.jpg,Picture_L_2B
f100c.jpg,Picture_L_2B
f085r.jpg,Picture_L_2B
m002l.jpg,Picture_L_2B
f042r.jpg,Picture_L_2B
f023l.jpg,Picture_L_2B
m025l.jpg,Picture_L_2B
m064l.jpg,Picture_L_2B
f051l.jpg,Picture_L_2B
m086c.jpg,Picture_L_2B
f012r.jpg,Picture_L_2B
m071c.jpg,Picture_L_2B
m004c.jpg,Picture_L_2B
f080r.jpg,Picture_L_2B
m068c.jpg,Picture_L_2B
f068c.jpg,Picture_L_2B
m004l.jpg,Picture_L_2B
m025c.jpg,Picture_L_2B
m002c.jpg,Picture_L_2B
f080c.jpg,Picture_L_2B
m058r.jpg,Picture_L_2B
m021r.jpg,Picture_L_2B
f023c.jpg,Picture_L_2B
m021c.jpg,Picture_L_2B
f089r.jpg,Picture_L_2B
f089c.jpg,Picture_L_2B
m086r.jpg,Picture_L_2B
f042c.jpg,Picture_L_2B
m084c.jpg,Picture_L_2B
f003c.jpg,Picture_L_2B
m058c.jpg,Picture_L_2B
m071l.jpg,Picture_L_2B
f012c.jpg,Picture_L_2B
m068r.jpg,Picture_L_2B
f068l.jpg,Picture_L_2B
f077l.jpg,Picture_L_3A
m050c.jpg,Picture_L_3A
m036l.jpg,Picture_L_3A
m023l.jpg,Picture_L_3A
f077c.jpg,Picture_L_3A
f074c.jpg,Picture_L_3A
m035r.jpg,Picture_L_3A
m034l.jpg,Picture_L_3A
m036c.jpg,Picture_L_3A
f111r.jpg,Picture_L_3A
f057r.jpg,Picture_L_3A
f105l.jpg,Picture_L_3A
f022r.jpg,Picture_L_3A
m023c.jpg,Picture_L_3A
m062r.jpg,Picture_L_3A
f111c.jpg,Picture_L_3A
m077r.jpg,Picture_L_3A
f105c.jpg,Picture_L_3A
f006l.jpg,Picture_L_3A
f028l.jpg,Picture_L_3A
f057c.jpg,Picture_L_3A
f028c.jpg,Picture_L_3A
m001r.jpg,Picture_L_3A
m074l.jpg,Picture_L_3A
m074c.jpg,Picture_L_3A
m001c.jpg,Picture_L_3A
f022c.jpg,Picture_L_3A
m038r.jpg,Picture_L_3A
f072c.jpg,Picture_L_3A
f082r.jpg,Picture_L_3A
f082c.jpg,Picture_L_3A
m038c.jpg,Picture_L_3A
m077c.jpg,Picture_L_3A
f074r.jpg,Picture_L_3A
f072l.jpg,Picture_L_3A
m050l.jpg,Picture_L_3A
m034c.jpg,Picture_L_3A
m062c.jpg,Picture_L_3A
m035c.jpg,Picture_L_3A
f006c.jpg,Picture_L_3A
m064c.jpg,Picture_L_2B
f085c.jpg,Picture_L_2B
f100l.jpg,Picture_L_2B
f003l.jpg,Picture_L_2B
f051c.jpg,Picture_L_2B
f100c.jpg,Picture_L_2B
f085r.jpg,Picture_L_2B
m002l.jpg,Picture_L_2B
f042r.jpg,Picture_L_2B
f023l.jpg,Picture_L_2B
m025l.jpg,Picture_L_2B
m064l.jpg,Picture_L_2B
f051l.jpg,Picture_L_2B
m086c.jpg,Picture_L_2B
f012r.jpg,Picture_L_2B
m071c.jpg,Picture_L_2B
m004c.jpg,Picture_L_2B
f080r.jpg,Picture_L_2B
m068c.jpg,Picture_L_2B
f068c.jpg,Picture_L_2B
m004l.jpg,Picture_L_2B
m025c.jpg,Picture_L_2B
m002c.jpg,Picture_L_2B
f080c.jpg,Picture_L_2B
m058r.jpg,Picture_L_2B
m021r.jpg,Picture_L_2B
f023c.jpg,Picture_L_2B
m021c.jpg,Picture_L_2B
f089r.jpg,Picture_L_2B
f089c.jpg,Picture_L_2B
m086r.jpg,Picture_L_2B
f042c.jpg,Picture_L_2B
m084c.jpg,Picture_L_2B
f003c.jpg,Picture_L_2B
m058c.jpg,Picture_L_2B
m071l.jpg,Picture_L_2B
f012c.jpg,Picture_L_2B
m068r.jpg,Picture_L_2B
f068l.jpg,Picture_L_2B
m068r.jpg,Picture_L_2B
m041l.jpg,Picture_L_6A
m047l.jpg,Picture_L_6A
m061c.jpg,Picture_L_6A
m075l.jpg,Picture_L_6A
f013r.jpg,Picture_L_6A
f047c.jpg,Picture_L_6A
m075c.jpg,Picture_L_6A
m026c.jpg,Picture_L_6A
m011l.jpg,Picture_L_6A
f033c.jpg,Picture_L_6A
f036c.jpg,Picture_L_6A
f049c.jpg,Picture_L_6A
m047c.jpg,Picture_L_6A
f033r.jpg,Picture_L_6A
f013c.jpg,Picture_L_6A
m063r.jpg,Picture_L_6A
m083c.jpg,Picture_L_6A
f107l.jpg,Picture_L_6A
f036r.jpg,Picture_L_6A
f110l.jpg,Picture_L_6A
f047l.jpg,Picture_L_6A
m011c.jpg,Picture_L_6A
m006r.jpg,Picture_L_6A
f001c.jpg,Picture_L_6A
m026r.jpg,Picture_L_6A
m055c.jpg,Picture_L_6A
m083l.jpg,Picture_L_6A
f052l.jpg,Picture_L_6A
m061r.jpg,Picture_L_6A
m041c.jpg,Picture_L_6A
f110c.jpg,Picture_L_6A
f005c.jpg,Picture_L_6A
m006c.jpg,Picture_L_6A
m063c.jpg,Picture_L_6A
f107c.jpg,Picture_L_6A
f001l.jpg,Picture_L_6A
f005r.jpg,Picture_L_6A
m055r.jpg,Picture_L_6A
f049r.jpg,Picture_L_6A
f052c.jpg,Picture_L_6A
f067r.jpg,Picture_L_1A
m015l.jpg,Picture_L_1A
f011c.jpg,Picture_L_1A
m052r.jpg,Picture_L_1A
f113c.jpg,Picture_L_1A
f035r.jpg,Picture_L_1A
m087c.jpg,Picture_L_1A
f048c.jpg,Picture_L_1A
f030c.jpg,Picture_L_1A
f067c.jpg,Picture_L_1A
m029c.jpg,Picture_L_1A
m015c.jpg,Picture_L_1A
f048l.jpg,Picture_L_1A
m087r.jpg,Picture_L_1A
m049c.jpg,Picture_L_1A
f053r.jpg,Picture_L_1A
m049l.jpg,Picture_L_1A
f056c.jpg,Picture_L_1A
f030l.jpg,Picture_L_1A
f021l.jpg,Picture_L_1A
f056l.jpg,Picture_L_1A
m079r.jpg,Picture_L_1A
m089c.jpg,Picture_L_1A
m029l.jpg,Picture_L_1A
f063c.jpg,Picture_L_1A
m009c.jpg,Picture_L_1A
f053c.jpg,Picture_L_1A
m014r.jpg,Picture_L_1A
f113r.jpg,Picture_L_1A
f021c.jpg,Picture_L_1A
m009r.jpg,Picture_L_1A
m014c.jpg,Picture_L_1A
f011l.jpg,Picture_L_1A
m089l.jpg,Picture_L_1A
m079c.jpg,Picture_L_1A
m022l.jpg,Picture_L_1A
f035c.jpg,Picture_L_1A
f063r.jpg,Picture_L_1A
m022c.jpg,Picture_L_1A
m052c.jpg,Picture_L_1A
m065c.jpg,Picture_L_5A
m027r.jpg,Picture_L_5A
f071c.jpg,Picture_L_5A
m065l.jpg,Picture_L_5A
f075r.jpg,Picture_L_5A
f071r.jpg,Picture_L_5A
f040c.jpg,Picture_L_5A
f066l.jpg,Picture_L_5A
m024r.jpg,Picture_L_5A
f115c.jpg,Picture_L_5A
m054c.jpg,Picture_L_5A
m048l.jpg,Picture_L_5A
m030c.jpg,Picture_L_5A
m076l.jpg,Picture_L_5A
f102r.jpg,Picture_L_5A
m070c.jpg,Picture_L_5A
f027c.jpg,Picture_L_5A
f115l.jpg,Picture_L_5A
f027l.jpg,Picture_L_5A
m030r.jpg,Picture_L_5A
m051c.jpg,Picture_L_5A
f066c.jpg,Picture_L_5A
m095c.jpg,Picture_L_5A
f040l.jpg,Picture_L_5A
m095r.jpg,Picture_L_5A
f078l.jpg,Picture_L_5A
m048c.jpg,Picture_L_5A
f075c.jpg,Picture_L_5A
m024c.jpg,Picture_L_5A
f076r.jpg,Picture_L_5A
m051l.jpg,Picture_L_5A
m027c.jpg,Picture_L_5A
f016r.jpg,Picture_L_5A
f102c.jpg,Picture_L_5A
m070l.jpg,Picture_L_5A
f076c.jpg,Picture_L_5A
m054r.jpg,Picture_L_5A
f078c.jpg,Picture_L_5A
m076c.jpg,Picture_L_5A
f016c.jpg,Picture_L_5A
m016c.jpg,Picture_L_4B
f090c.jpg,Picture_L_4B
m091c.jpg,Picture_L_4B
f084c.jpg,Picture_L_4B
f083c.jpg,Picture_L_4B
f092l.jpg,Picture_L_4B
f099l.jpg,Picture_L_4B
m016r.jpg,Picture_L_4B
f069c.jpg,Picture_L_4B
m072c.jpg,Picture_L_4B
m028r.jpg,Picture_L_4B
m088c.jpg,Picture_L_4B
f021l.jpg,Picture_L_4B
m085c.jpg,Picture_L_4B
m067c.jpg,Picture_L_4B
m072r.jpg,Picture_L_4B
f029r.jpg,Picture_L_4B
m088l.jpg,Picture_L_4B
f065c.jpg,Picture_L_4B
f090l.jpg,Picture_L_4B
m044l.jpg,Picture_L_4B
m028c.jpg,Picture_L_4B
f021c.jpg,Picture_L_4B
m044c.jpg,Picture_L_4B
f069l.jpg,Picture_L_4B
m067r.jpg,Picture_L_4B
f108c.jpg,Picture_L_4B
f092c.jpg,Picture_L_4B
f083r.jpg,Picture_L_4B
m085l.jpg,Picture_L_4B
f099c.jpg,Picture_L_4B
m091r.jpg,Picture_L_4B
m069c.jpg,Picture_L_4B
f084r.jpg,Picture_L_4B
f065r.jpg,Picture_L_4B
m090l.jpg,Picture_L_4B
m016c.jpg,Picture_L_4B
f090c.jpg,Picture_L_4B
m091c.jpg,Picture_L_4B
f092l.jpg,Picture_L_4B
f099l.jpg,Picture_L_4B
m016r.jpg,Picture_L_4B
m072c.jpg,Picture_L_4B
m028r.jpg,Picture_L_4B
m088c.jpg,Picture_L_4B
f021l.jpg,Picture_L_4B
m085c.jpg,Picture_L_4B
m067c.jpg,Picture_L_4B
m072r.jpg,Picture_L_4B
f029r.jpg,Picture_L_4B
m088l.jpg,Picture_L_4B
f090l.jpg,Picture_L_4B
m044l.jpg,Picture_L_4B
m028c.jpg,Picture_L_4B
f021c.jpg,Picture_L_4B
m044c.jpg,Picture_L_4B
m067r.jpg,Picture_L_4B
f108c.jpg,Picture_L_4B
f092c.jpg,Picture_L_4B
m085l.jpg,Picture_L_4B
f099c.jpg,Picture_L_4B
m091r.jpg,Picture_L_4B
m069c.jpg,Picture_L_4B
f084r.jpg,Picture_L_4B
m090l.jpg,Picture_L_4B
f108r.jpg,Picture_L_4B
m069l.jpg,Picture_L_4B
f029c.jpg,Picture_L_4B
m090c.jpg,Picture_L_4B
f077l.jpg,Picture_L_3A
m050c.jpg,Picture_L_3A
m036l.jpg,Picture_L_3A
m023l.jpg,Picture_L_3A
f077c.jpg,Picture_L_3A
f074c.jpg,Picture_L_3A
m035r.jpg,Picture_L_3A
m034l.jpg,Picture_L_3A
m036c.jpg,Picture_L_3A
f111r.jpg,Picture_L_3A
f057r.jpg,Picture_L_3A
f105l.jpg,Picture_L_3A
f022r.jpg,Picture_L_3A
m023c.jpg,Picture_L_3A
m062r.jpg,Picture_L_3A
f111c.jpg,Picture_L_3A
m077r.jpg,Picture_L_3A
f105c.jpg,Picture_L_3A
f006l.jpg,Picture_L_3A
f028l.jpg,Picture_L_3A
f057c.jpg,Picture_L_3A
f028c.jpg,Picture_L_3A
m001r.jpg,Picture_L_3A
m074l.jpg,Picture_L_3A
m074c.jpg,Picture_L_3A
m001c.jpg,Picture_L_3A
f022c.jpg,Picture_L_3A
m038r.jpg,Picture_L_3A
f072c.jpg,Picture_L_3A
f082r.jpg,Picture_L_3A
f082c.jpg,Picture_L_3A
m038c.jpg,Picture_L_3A
m077c.jpg,Picture_L_3A
f074r.jpg,Picture_L_3A
f072l.jpg,Picture_L_3A
m050l.jpg,Picture_L_3A
m034c.jpg,Picture_L_3A
m062c.jpg,Picture_L_3A
m035c.jpg,Picture_L_3A
f006c.jpg,Picture_L_3A
m095r.jpg,Picture_L_5B
f078l.jpg,Picture_L_5B
m070l.jpg,Picture_L_5B
m024r.jpg,Picture_L_5B
f040c.jpg,Picture_L_5B
f071c.jpg,Picture_L_5B
m048l.jpg,Picture_L_5B
m070c.jpg,Picture_L_5B
m054r.jpg,Picture_L_5B
m027c.jpg,Picture_L_5B
m054c.jpg,Picture_L_5B
m024c.jpg,Picture_L_5B
m065l.jpg,Picture_L_5B
f076c.jpg,Picture_L_5B
f066l.jpg,Picture_L_5B
f078c.jpg,Picture_L_5B
m076c.jpg,Picture_L_5B
m051l.jpg,Picture_L_5B
f102r.jpg,Picture_L_5B
m048c.jpg,Picture_L_5B
f027l.jpg,Picture_L_5B
f016r.jpg,Picture_L_5B
m065c.jpg,Picture_L_5B
f076r.jpg,Picture_L_5B
f027c.jpg,Picture_L_5B
m030c.jpg,Picture_L_5B
f016c.jpg,Picture_L_5B
f115c.jpg,Picture_L_5B
m095c.jpg,Picture_L_5B
f071r.jpg,Picture_L_5B
f040l.jpg,Picture_L_5B
f115l.jpg,Picture_L_5B
m030r.jpg,Picture_L_5B
f066c.jpg,Picture_L_5B
m027r.jpg,Picture_L_5B
m051c.jpg,Picture_L_5B
f075r.jpg,Picture_L_5B
m076l.jpg,Picture_L_5B
f075c.jpg,Picture_L_5B
f102c.jpg,Picture_L_5B
m065c.jpg,Picture_L_5A
m027r.jpg,Picture_L_5A
f071c.jpg,Picture_L_5A
m065l.jpg,Picture_L_5A
f075r.jpg,Picture_L_5A
f071r.jpg,Picture_L_5A
f040c.jpg,Picture_L_5A
f066l.jpg,Picture_L_5A
m024r.jpg,Picture_L_5A
f115c.jpg,Picture_L_5A
m054c.jpg,Picture_L_5A
m048l.jpg,Picture_L_5A
m030c.jpg,Picture_L_5A
m076l.jpg,Picture_L_5A
f102r.jpg,Picture_L_5A
m070c.jpg,Picture_L_5A
f027c.jpg,Picture_L_5A
f115l.jpg,Picture_L_5A
f027l.jpg,Picture_L_5A
m030r.jpg,Picture_L_5A
m051c.jpg,Picture_L_5A
f066c.jpg,Picture_L_5A
m095c.jpg,Picture_L_5A
f040l.jpg,Picture_L_5A
m095r.jpg,Picture_L_5A
f078l.jpg,Picture_L_5A
m048c.jpg,Picture_L_5A
f075c.jpg,Picture_L_5A
m024c.jpg,Picture_L_5A
f076r.jpg,Picture_L_5A
m051l.jpg,Picture_L_5A
m027c.jpg,Picture_L_5A
f016r.jpg,Picture_L_5A
f102c.jpg,Picture_L_5A
m070l.jpg,Picture_L_5A
f076c.jpg,Picture_L_5A
m054r.jpg,Picture_L_5A
f078c.jpg,Picture_L_5A
m076c.jpg,Picture_L_5A
f016c.jpg,Picture_L_5A
m002c.jpg,Picture_L_2A
m004l.jpg,Picture_L_2A
m021r.jpg,Picture_L_2A
m058r.jpg,Picture_L_2A
f012r.jpg,Picture_L_2A
m068c.jpg,Picture_L_2A
f085c.jpg,Picture_L_2A
f023c.jpg,Picture_L_2A
f100c.jpg,Picture_L_2A
m064c.jpg,Picture_L_2A
f003c.jpg,Picture_L_2A
f051c.jpg,Picture_L_2A
m004c.jpg,Picture_L_2A
m002l.jpg,Picture_L_2A
f003l.jpg,Picture_L_2A
f080c.jpg,Picture_L_2A
f051l.jpg,Picture_L_2A
m021c.jpg,Picture_L_2A
f089r.jpg,Picture_L_2A
m084r.jpg,Picture_L_2A
f100l.jpg,Picture_L_2A
f085r.jpg,Picture_L_2A
f023l.jpg,Picture_L_2A
f080r.jpg,Picture_L_2A
m025c.jpg,Picture_L_2A
m064l.jpg,Picture_L_2A
f068c.jpg,Picture_L_2A
f068l.jpg,Picture_L_2A
f089c.jpg,Picture_L_2A
f042c.jpg,Picture_L_2A
f012c.jpg,Picture_L_2A
m071c.jpg,Picture_L_2A
f042r.jpg,Picture_L_2A
m058c.jpg,Picture_L_2A
m025l.jpg,Picture_L_2A
m068r.jpg,Picture_L_2A
m071l.jpg,Picture_L_2A
m084c.jpg,Picture_L_2A
m086c.jpg,Picture_L_2A
m086r.jpg,Picture_L_2A
m011l.jpg,Picture_L_6B
m026c.jpg,Picture_L_6B
f049r.jpg,Picture_L_6B
m047l.jpg,Picture_L_6B
f049c.jpg,Picture_L_6B
f013c.jpg,Picture_L_6B
f052c.jpg,Picture_L_6B
m055r.jpg,Picture_L_6B
m075c.jpg,Picture_L_6B
m075l.jpg,Picture_L_6B
m055c.jpg,Picture_L_6B
f001l.jpg,Picture_L_6B
f047c.jpg,Picture_L_6B
f107c.jpg,Picture_L_6B
m063c.jpg,Picture_L_6B
f107l.jpg,Picture_L_6B
f033r.jpg,Picture_L_6B
f036c.jpg,Picture_L_6B
m041c.jpg,Picture_L_6B
m061r.jpg,Picture_L_6B
m061c.jpg,Picture_L_6B
f013r.jpg,Picture_L_6B
f001c.jpg,Picture_L_6B
f005r.jpg,Picture_L_6B
m083c.jpg,Picture_L_6B
m041l.jpg,Picture_L_6B
m047c.jpg,Picture_L_6B
m006c.jpg,Picture_L_6B
m063r.jpg,Picture_L_6B
f052l.jpg,Picture_L_6B
m011c.jpg,Picture_L_6B
f005c.jpg,Picture_L_6B
m083l.jpg,Picture_L_6B
m006r.jpg,Picture_L_6B
f047l.jpg,Picture_L_6B
f110l.jpg,Picture_L_6B
f036r.jpg,Picture_L_6B
m026r.jpg,Picture_L_6B
f033c.jpg,Picture_L_6B
f110c.jpg,Picture_L_6B
f077l.jpg,Picture_L_3A
m050c.jpg,Picture_L_3A
m036l.jpg,Picture_L_3A
m023l.jpg,Picture_L_3A
f077c.jpg,Picture_L_3A
f074c.jpg,Picture_L_3A
m035r.jpg,Picture_L_3A
m034l.jpg,Picture_L_3A
m036c.jpg,Picture_L_3A
f111r.jpg,Picture_L_3A
f057r.jpg,Picture_L_3A
f105l.jpg,Picture_L_3A
f022r.jpg,Picture_L_3A
m023c.jpg,Picture_L_3A
m062r.jpg,Picture_L_3A
f111c.jpg,Picture_L_3A
m077r.jpg,Picture_L_3A
f105c.jpg,Picture_L_3A
f006l.jpg,Picture_L_3A
f028l.jpg,Picture_L_3A
f057c.jpg,Picture_L_3A
f028c.jpg,Picture_L_3A
m001r.jpg,Picture_L_3A
m074l.jpg,Picture_L_3A
m074c.jpg,Picture_L_3A
m001c.jpg,Picture_L_3A
f022c.jpg,Picture_L_3A
m038r.jpg,Picture_L_3A
f072c.jpg,Picture_L_3A
f082r.jpg,Picture_L_3A
f082c.jpg,Picture_L_3A
m038c.jpg,Picture_L_3A
m077c.jpg,Picture_L_3A
f074r.jpg,Picture_L_3A
f072l.jpg,Picture_L_3A
m050l.jpg,Picture_L_3A
m034c.jpg,Picture_L_3A
m062c.jpg,Picture_L_3A
m035c.jpg,Picture_L_3A
f006c.jpg,Picture_L_3A
m036l.jpg,Picture_L_3B
m050l.jpg,Picture_L_3B
f022r.jpg,Picture_L_3B
f006c.jpg,Picture_L_3B
m077r.jpg,Picture_L_3B
f057r.jpg,Picture_L_3B
m034l.jpg,Picture_L_3B
m001r.jpg,Picture_L_3B
f105c.jpg,Picture_L_3B
f105l.jpg,Picture_L_3B
m036c.jpg,Picture_L_3B
m074l.jpg,Picture_L_3B
f074r.jpg,Picture_L_3B
m001c.jpg,Picture_L_3B
f082c.jpg,Picture_L_3B
f077l.jpg,Picture_L_3B
f006l.jpg,Picture_L_3B
m062r.jpg,Picture_L_3B
f022c.jpg,Picture_L_3B
f082r.jpg,Picture_L_3B
m034c.jpg,Picture_L_3B
m038c.jpg,Picture_L_3B
m077c.jpg,Picture_L_3B
f111r.jpg,Picture_L_3B
f072l.jpg,Picture_L_3B
m023c.jpg,Picture_L_3B
f074c.jpg,Picture_L_3B
f057c.jpg,Picture_L_3B
m035r.jpg,Picture_L_3B
f028l.jpg,Picture_L_3B
m050c.jpg,Picture_L_3B
f072c.jpg,Picture_L_3B
f111c.jpg,Picture_L_3B
m023l.jpg,Picture_L_3B
m062c.jpg,Picture_L_3B
f077c.jpg,Picture_L_3B
f028c.jpg,Picture_L_3B
m038r.jpg,Picture_L_3B
m074c.jpg,Picture_L_3B
m035c.jpg,Picture_L_3B
f099c.jpg,Picture_L_4A
f099l.jpg,Picture_L_4A
f092c.jpg,Picture_L_4A
m072c.jpg,Picture_L_4A
m067r.jpg,Picture_L_4A
f029c.jpg,Picture_L_4A
m067c.jpg,Picture_L_4A
f092l.jpg,Picture_L_4A
m090c.jpg,Picture_L_4A
m044c.jpg,Picture_L_4A
m085l.jpg,Picture_L_4A
m085c.jpg,Picture_L_4A
m016c.jpg,Picture_L_4A
f065r.jpg,Picture_L_4A
f029r.jpg,Picture_L_4A
f084r.jpg,Picture_L_4A
f090l.jpg,Picture_L_4A
f083r.jpg,Picture_L_4A
m091r.jpg,Picture_L_4A
m016r.jpg,Picture_L_4A
f108r.jpg,Picture_L_4A
f083c.jpg,Picture_L_4A
m090l.jpg,Picture_L_4A
m088c.jpg,Picture_L_4A
m069c.jpg,Picture_L_4A
f021l.jpg,Picture_L_4A
m088l.jpg,Picture_L_4A
f108c.jpg,Picture_L_4A
f065c.jpg,Picture_L_4A
m069l.jpg,Picture_L_4A
f021c.jpg,Picture_L_4A
f090c.jpg,Picture_L_4A
m044l.jpg,Picture_L_4A
m091c.jpg,Picture_L_4A
f069l.jpg,Picture_L_4A
f084c.jpg,Picture_L_4A
m028c.jpg,Picture_L_4A
m028r.jpg,Picture_L_4A
m072r.jpg,Picture_L_4A
f069c.jpg,Picture_L_4A
m002c.jpg,Picture_L_2A
m004l.jpg,Picture_L_2A
m021r.jpg,Picture_L_2A
m058r.jpg,Picture_L_2A
m064c.jpg,Picture_L_2A
m071c.jpg,Picture_L_2A
f012r.jpg,Picture_L_2A
m068c.jpg,Picture_L_2A
f085c.jpg,Picture_L_2A
f023c.jpg,Picture_L_2A
f100c.jpg,Picture_L_2A
m071l.jpg,Picture_L_2A
f003c.jpg,Picture_L_2A
f051c.jpg,Picture_L_2A
m004c.jpg,Picture_L_2A
m002l.jpg,Picture_L_2A
f003l.jpg,Picture_L_2A
f080c.jpg,Picture_L_2A
f051l.jpg,Picture_L_2A
m021c.jpg,Picture_L_2A
f089r.jpg,Picture_L_2A
m084r.jpg,Picture_L_2A
f100l.jpg,Picture_L_2A
f085r.jpg,Picture_L_2A
f023l.jpg,Picture_L_2A
f080r.jpg,Picture_L_2A
m025c.jpg,Picture_L_2A
m064l.jpg,Picture_L_2A
f068c.jpg,Picture_L_2A
f068l.jpg,Picture_L_2A
f089c.jpg,Picture_L_2A
f042c.jpg,Picture_L_2A
f012c.jpg,Picture_L_2A
m084c.jpg,Picture_L_2A
f042r.jpg,Picture_L_2A
m058c.jpg,Picture_L_2A
m025l.jpg,Picture_L_2A
m068r.jpg,Picture_L_2A
m086c.jpg,Picture_L_2A
m086r.jpg,Picture_L_2A
m015c.jpg,Picture_L_1B
f113c.jpg,Picture_L_1B
f067r.jpg,Picture_L_1B
f113r.jpg,Picture_L_1B
f030c.jpg,Picture_L_1B
m049c.jpg,Picture_L_1B
m009c.jpg,Picture_L_1B
f067c.jpg,Picture_L_1B
m087r.jpg,Picture_L_1B
f063r.jpg,Picture_L_1B
m049l.jpg,Picture_L_1B
m079c.jpg,Picture_L_1B
m089c.jpg,Picture_L_1B
f011c.jpg,Picture_L_1B
f035r.jpg,Picture_L_1B
f030l.jpg,Picture_L_1B
m015l.jpg,Picture_L_1B
m014c.jpg,Picture_L_1B
m029c.jpg,Picture_L_1B
f056c.jpg,Picture_L_1B
f021l.jpg,Picture_L_1B
f021c.jpg,Picture_L_1B
m052r.jpg,Picture_L_1B
m087c.jpg,Picture_L_1B
m022l.jpg,Picture_L_1B
f053r.jpg,Picture_L_1B
m079r.jpg,Picture_L_1B
m014r.jpg,Picture_L_1B
f056l.jpg,Picture_L_1B
m009r.jpg,Picture_L_1B
m089l.jpg,Picture_L_1B
f048l.jpg,Picture_L_1B
f035c.jpg,Picture_L_1B
m022c.jpg,Picture_L_1B
f053c.jpg,Picture_L_1B
f011l.jpg,Picture_L_1B
m029l.jpg,Picture_L_1B
m052c.jpg,Picture_L_1B
f063c.jpg,Picture_L_1B
f048c.jpg,Picture_L_1B
m036l.jpg,Picture_L_3B
m050l.jpg,Picture_L_3B
f022r.jpg,Picture_L_3B
f006c.jpg,Picture_L_3B
m077r.jpg,Picture_L_3B
f057r.jpg,Picture_L_3B
m034l.jpg,Picture_L_3B
m001r.jpg,Picture_L_3B
f105c.jpg,Picture_L_3B
f105l.jpg,Picture_L_3B
m036c.jpg,Picture_L_3B
m074l.jpg,Picture_L_3B
f074r.jpg,Picture_L_3B
m001c.jpg,Picture_L_3B
f082c.jpg,Picture_L_3B
f077l.jpg,Picture_L_3B
f006l.jpg,Picture_L_3B
m062r.jpg,Picture_L_3B
f022c.jpg,Picture_L_3B
f082r.jpg,Picture_L_3B
m034c.jpg,Picture_L_3B
m038c.jpg,Picture_L_3B
m077c.jpg,Picture_L_3B
f111r.jpg,Picture_L_3B
f072l.jpg,Picture_L_3B
m023c.jpg,Picture_L_3B
f074c.jpg,Picture_L_3B
f057c.jpg,Picture_L_3B
m035r.jpg,Picture_L_3B
f028l.jpg,Picture_L_3B
m050c.jpg,Picture_L_3B
f072c.jpg,Picture_L_3B
f111c.jpg,Picture_L_3B
m023l.jpg,Picture_L_3B
m062c.jpg,Picture_L_3B
f077c.jpg,Picture_L_3B
f028c.jpg,Picture_L_3B
m038r.jpg,Picture_L_3B
m074c.jpg,Picture_L_3B
m035c.jpg,Picture_L_3B
m016c.jpg,Picture_L_4B
f090c.jpg,Picture_L_4B
m091c.jpg,Picture_L_4B
f084c.jpg,Picture_L_4B
f083c.jpg,Picture_L_4B
f092l.jpg,Picture_L_4B
f099l.jpg,Picture_L_4B
m016r.jpg,Picture_L_4B
f069c.jpg,Picture_L_4B
m072c.jpg,Picture_L_4B
m028r.jpg,Picture_L_4B
m088c.jpg,Picture_L_4B
f021l.jpg,Picture_L_4B
m085c.jpg,Picture_L_4B
m067c.jpg,Picture_L_4B
m072r.jpg,Picture_L_4B
f029r.jpg,Picture_L_4B
m088l.jpg,Picture_L_4B
f065c.jpg,Picture_L_4B
f090l.jpg,Picture_L_4B
m044l.jpg,Picture_L_4B
m028c.jpg,Picture_L_4B
f021c.jpg,Picture_L_4B
m044c.jpg,Picture_L_4B
f069l.jpg,Picture_L_4B
m067r.jpg,Picture_L_4B
f108c.jpg,Picture_L_4B
f092c.jpg,Picture_L_4B
f083r.jpg,Picture_L_4B
m085l.jpg,Picture_L_4B
f099c.jpg,Picture_L_4B
m091r.jpg,Picture_L_4B
m069c.jpg,Picture_L_4B
f084r.jpg,Picture_L_4B
f065r.jpg,Picture_L_4B
m090l.jpg,Picture_L_4B
f108r.jpg,Picture_L_4B
m069l.jpg,Picture_L_4B
f029c.jpg,Picture_L_4B
m090c.jpg,Picture_L_4B
m036l.jpg,Picture_L_3B
m050l.jpg,Picture_L_3B
f022r.jpg,Picture_L_3B
f006c.jpg,Picture_L_3B
m077r.jpg,Picture_L_3B
f057r.jpg,Picture_L_3B
m034l.jpg,Picture_L_3B
m001r.jpg,Picture_L_3B
f105c.jpg,Picture_L_3B
f105l.jpg,Picture_L_3B
m036c.jpg,Picture_L_3B
m074l.jpg,Picture_L_3B
f074r.jpg,Picture_L_3B
m001c.jpg,Picture_L_3B
f082c.jpg,Picture_L_3B
f077l.jpg,Picture_L_3B
f006l.jpg,Picture_L_3B
m062r.jpg,Picture_L_3B
f022c.jpg,Picture_L_3B
f082r.jpg,Picture_L_3B
m034c.jpg,Picture_L_3B
m038c.jpg,Picture_L_3B
m077c.jpg,Picture_L_3B
f111r.jpg,Picture_L_3B
f072l.jpg,Picture_L_3B
m023c.jpg,Picture_L_3B
f074c.jpg,Picture_L_3B
f057c.jpg,Picture_L_3B
m035r.jpg,Picture_L_3B
f028l.jpg,Picture_L_3B
m050c.jpg,Picture_L_3B
f072c.jpg,Picture_L_3B
f111c.jpg,Picture_L_3B
m023l.jpg,Picture_L_3B
m062c.jpg,Picture_L_3B
f077c.jpg,Picture_L_3B
f028c.jpg,Picture_L_3B
m038r.jpg,Picture_L_3B
m074c.jpg,Picture_L_3B
m035c.jpg,Picture_L_3B
m016c.jpg,Picture_L_4B
f090c.jpg,Picture_L_4B
m091c.jpg,Picture_L_4B
f084c.jpg,Picture_L_4B
f083c.jpg,Picture_L_4B
f092l.jpg,Picture_L_4B
f099l.jpg,Picture_L_4B
m016r.jpg,Picture_L_4B
f069c.jpg,Picture_L_4B
m072c.jpg,Picture_L_4B
m028r.jpg,Picture_L_4B
m088c.jpg,Picture_L_4B
f021l.jpg,Picture_L_4B
m085c.jpg,Picture_L_4B
m067c.jpg,Picture_L_4B
m072r.jpg,Picture_L_4B
f029r.jpg,Picture_L_4B
m088l.jpg,Picture_L_4B
f065c.jpg,Picture_L_4B
f090l.jpg,Picture_L_4B
m044l.jpg,Picture_L_4B
m028c.jpg,Picture_L_4B
f021c.jpg,Picture_L_4B
m044c.jpg,Picture_L_4B
f069l.jpg,Picture_L_4B
m067r.jpg,Picture_L_4B
f108c.jpg,Picture_L_4B
f092c.jpg,Picture_L_4B
f083r.jpg,Picture_L_4B
m085l.jpg,Picture_L_4B
f099c.jpg,Picture_L_4B
m091r.jpg,Picture_L_4B
m069c.jpg,Picture_L_4B
f084r.jpg,Picture_L_4B
f065r.jpg,Picture_L_4B
m090l.jpg,Picture_L_4B
f108r.jpg,Picture_L_4B
m069l.jpg,Picture_L_4B
f029c.jpg,Picture_L_4B
m090c.jpg,Picture_L_4B
m095r.jpg,Picture_L_5B
f078l.jpg,Picture_L_5B
m070l.jpg,Picture_L_5B
m024r.jpg,Picture_L_5B
f040c.jpg,Picture_L_5B
f071c.jpg,Picture_L_5B
m048l.jpg,Picture_L_5B
m070c.jpg,Picture_L_5B
m054r.jpg,Picture_L_5B
m027c.jpg,Picture_L_5B
m054c.jpg,Picture_L_5B
m024c.jpg,Picture_L_5B
m065l.jpg,Picture_L_5B
f076c.jpg,Picture_L_5B
f066l.jpg,Picture_L_5B
f078c.jpg,Picture_L_5B
m076c.jpg,Picture_L_5B
m051l.jpg,Picture_L_5B
f102r.jpg,Picture_L_5B
m048c.jpg,Picture_L_5B
f027l.jpg,Picture_L_5B
f016r.jpg,Picture_L_5B
m065c.jpg,Picture_L_5B
f076r.jpg,Picture_L_5B
f027c.jpg,Picture_L_5B
m030c.jpg,Picture_L_5B
f016c.jpg,Picture_L_5B
f115c.jpg,Picture_L_5B
m095c.jpg,Picture_L_5B
f071r.jpg,Picture_L_5B
f040l.jpg,Picture_L_5B
f115l.jpg,Picture_L_5B
m030r.jpg,Picture_L_5B
f066c.jpg,Picture_L_5B
m027r.jpg,Picture_L_5B
m051c.jpg,Picture_L_5B
f075r.jpg,Picture_L_5B
m076l.jpg,Picture_L_5B
f075c.jpg,Picture_L_5B
f102c.jpg,Picture_L_5B
